id,year_birth,education,marital_status,income,kidhome,teenhome,dt_customer,recency,mntwines,age
5524,1957,Graduation,Single,58138.0,0,0,2012-09-04,58,635,67
2174,1954,Graduation,Single,46344.0,1,1,2014-03-08,38,11,70
4141,1965,Graduation,Together,71613.0,0,0,2013-08-21,26,426,59
6182,1984,Graduation,Together,26646.0,1,0,2014-02-10,26,11,40
5324,1981,PhD,Married,58293.0,1,0,2014-01-19,94,173,43
7446,1967,Master,Together,62513.0,0,1,2013-09-09,16,520,57
965,1971,Graduation,Divorced,55635.0,0,1,2012-11-13,34,235,53
6177,1985,PhD,Married,33454.0,1,0,2013-05-08,32,76,39
4855,1974,PhD,Together,30351.0,1,0,2013-06-06,19,14,50
5899,1950,PhD,Together,5648.0,1,1,2014-03-13,68,28,74
1994,1983,Graduation,Married,51381.5,1,0,2013-11-15,11,5,41
387,1976,Basic,Married,7500.0,0,0,2012-11-13,59,6,48
2125,1959,Graduation,Divorced,63033.0,0,0,2013-11-15,82,194,65
8180,1952,Master,Divorced,59354.0,1,1,2013-11-15,53,233,72
2569,1987,Graduation,Married,17323.0,0,0,2012-10-10,38,3,37
2114,1946,PhD,Single,82800.0,0,0,2012-11-24,23,1006,78
9736,1980,Graduation,Married,41850.0,1,1,2012-12-24,51,53,44
4939,1946,Graduation,Together,37760.0,0,0,2012-08-31,20,84,78
6565,1949,Master,Married,76995.0,0,1,2013-03-28,91,1012,75
2278,1985,2n Cycle,Single,33812.0,1,0,2012-11-03,86,4,39
9360,1982,Graduation,Married,37040.0,0,0,2012-08-08,41,86,42
5376,1979,Graduation,Married,2447.0,1,0,2013-01-06,42,1,45
1993,1949,PhD,Married,58607.0,0,1,2012-12-23,63,867,75
4047,1954,PhD,Married,65324.0,0,1,2014-01-11,0,384,70
1409,1951,Graduation,Together,40689.0,0,1,2013-03-18,69,270,73
7892,1969,Graduation,Single,18589.0,0,0,2013-01-02,89,6,55
2404,1976,Graduation,Married,53359.0,1,1,2013-05-27,4,173,48
5255,1986,Graduation,Single,51381.5,1,0,2013-02-20,19,5,38
9422,1989,Graduation,Married,38360.0,1,0,2013-05-31,26,36,35
1966,1965,PhD,Married,84618.0,0,0,2013-11-22,96,684,59
6864,1989,Master,Divorced,10979.0,0,0,2014-05-22,34,8,35
3033,1963,Master,Together,38620.0,0,0,2013-05-11,56,112,61
5710,1970,Graduation,Together,40548.0,0,1,2012-10-10,31,110,54
7373,1952,PhD,Divorced,46610.0,0,2,2012-10-29,8,96,72
8755,1946,Master,Married,68657.0,0,0,2013-02-20,4,482,78
10738,1951,Master,Single,49389.0,1,1,2013-08-29,55,40,73
4339,1970,PhD,Married,67353.0,0,1,2013-12-31,37,702,54
10755,1976,2n Cycle,Married,23718.0,1,0,2013-09-02,76,6,48
8595,1973,Graduation,Widow,42429.0,0,1,2014-02-11,99,55,51
2968,1943,PhD,Divorced,48948.0,0,0,2013-02-01,53,437,81
8601,1980,Graduation,Married,80011.0,0,1,2013-04-29,3,421,44
503,1985,Master,Married,20559.0,1,0,2013-03-12,88,13,39
8430,1957,Graduation,Together,21994.0,0,1,2012-12-24,4,9,67
7281,1959,PhD,Single,51381.5,0,0,2013-11-05,80,81,65
2139,1975,Master,Married,7500.0,1,0,2013-10-02,19,3,49
1371,1976,Graduation,Single,79941.0,0,0,2014-06-28,72,123,48
9909,1996,2n Cycle,Married,7500.0,0,0,2012-11-09,24,3,28
7286,1968,Graduation,Together,41728.0,1,0,2013-05-24,92,13,56
7244,1951,Graduation,Single,51381.5,2,1,2014-01-01,96,48,73
6566,1954,PhD,Married,72550.0,1,1,2012-11-08,39,826,70
8614,1957,Graduation,Widow,65486.0,0,1,2014-05-12,29,245,67
4114,1964,Master,Married,79143.0,0,0,2012-08-11,2,650,60
1331,1977,Graduation,Single,35790.0,1,0,2013-01-02,54,12,47
2225,1977,Graduation,Divorced,82582.0,0,0,2014-06-07,54,510,47
9381,1978,Graduation,Married,66373.0,1,1,2013-06-12,57,328,46
6260,1955,Master,Together,82384.0,0,0,2012-11-19,55,984,69
10383,1966,Graduation,Divorced,70287.0,0,0,2013-04-02,30,295,58
7437,1988,Graduation,Single,27938.0,1,0,2014-04-28,31,13,36
8557,1982,Graduation,Single,51381.5,1,0,2013-06-17,57,11,42
8375,1968,PhD,Married,55954.0,0,1,2014-03-03,63,447,56
6853,1982,Master,Single,75777.0,0,0,2013-07-04,12,712,42
3076,1975,Graduation,Together,66653.0,1,1,2012-09-07,18,452,49
1012,1952,Graduation,Single,61823.0,0,1,2013-02-18,26,523,72
6518,1951,PhD,Widow,67680.0,0,1,2013-06-11,8,546,73
4137,1948,Graduation,Together,70666.0,0,0,2013-12-06,29,398,76
8082,1971,Graduation,Married,25721.0,1,0,2013-05-21,75,1,53
1386,1967,Graduation,Together,32474.0,1,1,2014-05-11,0,10,57
9369,1979,2n Cycle,Single,88194.0,0,1,2014-03-19,19,688,45
4477,1958,Graduation,Together,69096.0,0,1,2013-09-27,4,247,66
1357,1970,Graduation,Together,74854.0,1,2,2013-04-08,90,856,54
1402,1954,Master,Married,66991.0,0,0,2012-09-11,1,496,70
10629,1973,2n Cycle,Married,51381.5,1,0,2012-09-14,25,25,51
6312,1959,Graduation,Married,65031.0,0,1,2013-03-17,29,258,65
8132,1975,PhD,Married,60631.0,1,1,2013-04-05,88,565,49
1050,1952,Graduation,Married,28332.0,0,0,2014-04-30,58,14,72
5846,1977,Graduation,Divorced,40246.0,1,0,2012-12-19,68,2,47
1859,1972,Master,Married,75251.0,0,0,2012-08-27,34,721,52
7503,1976,Graduation,Single,75825.0,0,0,2012-10-12,40,1032,48
10401,1976,2n Cycle,Together,26326.0,0,0,2013-09-04,12,1,48
1618,1965,Graduation,Together,56046.0,0,0,2013-01-02,9,577,59
3332,1985,Graduation,Single,29760.0,1,0,2012-08-29,87,64,39
2261,1969,Graduation,Married,26304.0,1,0,2013-06-23,5,4,55
5346,1973,2n Cycle,Married,23559.0,1,0,2013-07-03,87,25,51
4119,1963,Master,Together,38620.0,0,0,2013-05-11,56,112,61
535,1987,Graduation,Divorced,81361.0,0,0,2014-02-25,18,163,37
5268,1960,Graduation,Married,29440.0,1,1,2013-08-11,95,17,64
273,1970,Master,Married,36138.0,1,1,2013-07-16,48,130,54
4452,1957,Graduation,Single,50388.0,0,1,2014-05-28,3,292,67
8504,1973,Graduation,Married,79593.0,0,0,2014-05-12,70,350,51
771,1967,Graduation,Together,54178.0,0,1,2014-01-21,79,135,57
8996,1957,PhD,Married,51381.5,2,1,2012-11-19,4,230,67
9235,1957,Graduation,Single,51381.5,1,1,2014-05-27,45,7,67
5798,1973,Master,Together,51381.5,0,0,2013-11-23,87,445,51
11178,1972,Master,Single,42394.0,1,0,2014-03-23,69,15,52
2230,1970,PhD,Married,23626.0,1,0,2014-05-24,84,27,54
7516,1983,Graduation,Married,30096.0,1,0,2014-05-22,30,5,41
7247,1960,Graduation,Widow,47916.0,0,1,2012-11-22,72,505,64
11100,1972,Graduation,Divorced,51813.0,1,1,2013-04-11,37,51,52
4646,1951,2n Cycle,Married,78497.0,0,0,2013-12-01,44,207,73
3037,1983,PhD,Married,50150.0,0,0,2013-06-20,32,135,41
1473,1960,2n Cycle,Single,47823.0,0,1,2013-07-23,0,53,64
1016,1959,PhD,Single,34554.0,0,1,2014-03-30,43,41,65
4518,1979,Graduation,Together,85693.0,0,1,2013-04-20,59,386,45
9370,1945,PhD,Married,65846.0,0,0,2013-05-17,68,562,79
8908,1959,Graduation,Married,87195.0,0,0,2014-05-08,35,217,65
8373,1979,Basic,Together,24594.0,1,0,2013-12-10,94,1,45
7533,1964,Graduation,Married,49096.0,1,1,2013-09-24,15,144,60
2683,1969,Graduation,Married,52413.0,0,2,2013-02-02,56,295,55
3629,1978,Graduation,Single,38557.0,1,0,2012-12-19,17,76,46
10991,1960,Master,Married,89058.0,0,0,2012-12-07,18,454,64
5077,1979,Graduation,Together,77298.0,0,1,2013-11-02,46,425,45
7431,1991,PhD,Single,68126.0,0,0,2012-11-10,40,1332,33
3267,1963,Master,Together,57288.0,0,1,2014-06-25,27,527,61
999,1991,Graduation,Single,86037.0,0,0,2013-01-02,95,490,33
9215,1980,PhD,Married,43974.0,1,0,2012-12-12,19,378,44
2286,1962,Graduation,Single,50785.0,1,1,2013-09-10,27,64,62
1592,1970,Graduation,Married,90765.0,0,0,2014-01-24,25,547,54
367,1978,2n Cycle,Married,36550.0,1,0,2013-02-19,74,47,46
5234,1967,2n Cycle,Together,30753.0,1,1,2013-07-11,85,12,57
9862,1969,Graduation,Together,21918.0,1,0,2013-11-14,37,1,55
9805,1953,Master,Together,56129.0,0,1,2013-06-20,65,320,71
6205,1967,Master,Single,32557.0,1,0,2014-02-24,13,34,57
8442,1985,Master,Married,19510.0,2,0,2013-09-04,63,9,39
7386,1976,Graduation,Divorced,30992.0,1,0,2013-04-22,83,17,48
7215,1983,Graduation,Single,101970.0,0,0,2013-03-12,69,722,41
1491,1965,2n Cycle,Together,71488.0,0,0,2013-02-18,87,162,59
11071,1984,Graduation,Single,79607.0,0,0,2013-04-21,37,450,40
3381,1953,Master,Married,54348.0,1,1,2014-06-08,51,70,71
8268,1961,PhD,Married,51381.5,0,1,2013-07-11,23,352,63
11051,1956,PhD,Together,77376.0,1,1,2014-05-10,72,492,68
8026,1952,Graduation,Married,62998.0,0,1,2013-09-30,10,120,72
433,1958,Master,single,61331.0,1,1,2013-03-10,42,534,66
9597,1969,Graduation,Married,73448.0,0,0,2014-02-10,10,236,55
1295,1963,Graduation,Married,51381.5,0,1,2013-08-11,96,231,61
5290,1964,PhD,Married,41551.0,1,1,2013-08-14,51,220,60
1685,1967,PhD,Together,62981.0,0,0,2013-03-17,21,796,57
5342,1976,Basic,Divorced,9548.0,1,0,2012-08-08,31,0,48
9579,1959,PhD,Married,33762.0,2,1,2013-07-07,61,53,65
7660,1973,PhD,single,35860.0,1,1,2014-05-19,37,15,51
1461,1965,PhD,Divorced,36921.0,1,1,2013-07-28,74,17,59
821,1992,Master,Single,92859.0,0,0,2012-10-19,46,962,32
11084,1976,Master,Together,65104.0,0,1,2013-11-14,4,738,48
8690,1962,Graduation,Married,86111.0,0,0,2013-04-19,73,399,62
2937,1974,PhD,Single,68352.0,0,1,2013-08-28,47,614,50
9701,1988,Graduation,Together,41883.0,1,0,2013-03-19,13,32,36
9949,1976,Graduation,Married,59809.0,0,2,2012-10-18,36,598,48
10837,1975,Graduation,Married,23957.0,1,0,2012-10-28,47,2,49
3120,1981,Graduation,Together,38547.0,1,0,2013-08-28,49,6,43
5885,1973,2n Cycle,Married,35688.0,2,1,2012-08-22,94,73,51
4050,1966,Master,Married,49605.0,0,0,2014-06-21,65,42,58
3830,1953,Master,Married,59354.0,0,2,2014-04-24,59,295,71
7987,1969,Graduation,Married,65747.0,0,1,2014-03-07,96,346,55
7798,1972,2n Cycle,Together,46344.0,0,1,2012-12-14,28,233,52
92,1988,Graduation,single,34176.0,1,0,2014-05-12,12,5,36
7055,1952,PhD,Together,61010.0,0,1,2012-10-09,57,888,72
10240,1949,Graduation,Together,69372.0,0,0,2013-02-19,10,997,75
3025,1958,Graduation,Single,49967.0,0,1,2013-07-08,4,212,66
9283,1978,Graduation,Single,60199.0,1,2,2013-09-12,49,8,46
9970,1977,Graduation,Together,55375.0,0,1,2013-10-17,3,42,47
2730,1955,Graduation,Single,80317.0,0,0,2013-08-20,64,536,69
2795,1958,Master,Single,30523.0,2,1,2013-07-01,0,5,66
9260,1945,PhD,Married,70356.0,0,0,2012-11-05,20,1349,79
8182,1984,Graduation,Married,23228.0,1,0,2014-01-05,91,53,40
10095,1975,PhD,Divorced,74165.0,0,0,2013-05-01,9,1001,49
8475,1973,PhD,Married,157243.0,0,1,2014-03-01,98,20,51
4370,1966,Graduation,Together,43482.0,2,1,2013-11-13,83,18,58
10573,1953,Graduation,Divorced,62551.0,0,0,2013-11-18,27,125,71
3712,1959,Graduation,Divorced,52332.0,0,0,2013-08-28,63,212,65
6637,1988,Graduation,Single,66951.0,0,0,2013-11-02,46,277,36
3152,1957,Graduation,Together,26091.0,1,1,2014-02-25,84,15,67
5610,1965,Graduation,Together,33456.0,1,1,2014-04-21,58,7,59
6460,1982,Graduation,Married,28718.0,1,0,2013-07-13,78,12,42
1349,1970,Graduation,Married,50447.0,2,0,2014-04-21,4,85,54
1880,1959,PhD,Together,53537.0,1,1,2014-01-30,17,81,65
641,1967,Graduation,Single,52074.0,0,1,2014-04-04,77,59,57
8717,1975,PhD,Married,80427.0,0,1,2012-09-12,56,1149,49
10314,1948,PhD,Married,83837.0,0,0,2012-12-16,79,847,76
10854,1970,PhD,Married,38853.0,1,1,2014-05-23,90,29,54
10492,1959,Graduation,Together,38285.0,2,1,2014-06-24,96,2,65
6935,1951,2n Cycle,Married,78497.0,0,0,2013-12-01,44,207,73
7698,1976,PhD,Married,51650.0,0,1,2014-05-11,81,152,48
3559,1988,2n Cycle,Married,16248.0,1,0,2014-05-10,77,12,36
10562,1946,Master,Married,66835.0,0,0,2013-09-28,21,620,78
10796,1984,Master,Married,30477.0,1,0,2014-01-22,16,47,40
2563,1961,Basic,Married,28249.0,0,0,2014-06-15,80,1,63
3518,1983,Graduation,Married,25271.0,1,0,2012-12-05,45,10,41
5823,1970,PhD,Single,32303.0,0,1,2014-03-08,63,35,54
3934,1966,Graduation,Married,61286.0,0,1,2013-08-02,34,356,58
6982,1976,Graduation,Married,74068.0,0,0,2013-03-19,14,783,48
6431,1964,PhD,Married,45759.0,1,1,2013-02-23,13,42,60
9733,1978,Basic,Together,24882.0,1,0,2012-09-09,52,1,46
5602,1989,PhD,Together,66973.0,0,0,2013-05-17,98,466,35
1324,1988,Graduation,Married,38872.0,1,0,2013-05-30,93,23,36
326,1973,Graduation,Married,51148.0,1,1,2013-02-18,38,235,51
7224,1977,Graduation,Married,31353.0,1,1,2013-12-29,24,10,47
6999,1980,Master,Married,69661.0,0,0,2014-05-13,80,656,44
9938,1954,Graduation,Married,80067.0,0,0,2013-09-19,82,519,70
6422,1954,Graduation,Married,86718.0,0,0,2013-01-17,20,344,70
3182,1973,PhD,Single,46854.0,1,1,2014-03-31,81,96,51
7300,1952,Graduation,Divorced,69142.0,0,1,2014-06-29,50,448,72
10424,1968,Graduation,Single,75922.0,0,0,2013-12-09,60,265,56
8727,1978,Graduation,Divorced,63693.0,0,1,2013-10-14,63,587,46
2798,1977,PhD,Together,102160.0,0,0,2012-11-02,54,763,47
1030,1965,PhD,Single,40637.0,1,1,2013-07-17,72,22,59
624,1984,Master,Single,18890.0,0,0,2012-11-10,5,6,40
5176,1988,Graduation,Together,29604.0,1,0,2013-12-08,88,7,36
5552,1963,Master,Divorced,48721.0,1,1,2013-05-13,50,81,61
868,1966,Graduation,Married,44794.0,0,1,2014-06-08,99,54,58
380,1954,Graduation,Divorced,64497.0,0,1,2012-09-10,17,1170,70
2677,1956,Graduation,Together,46097.0,0,1,2013-03-31,11,72,68
6521,1954,Graduation,Together,77972.0,0,0,2014-03-18,18,613,70
6927,1968,PhD,Married,44377.0,1,1,2012-10-05,70,224,56
2877,1974,Master,Together,46014.0,1,1,2013-01-21,21,410,50
0,1985,Graduation,Married,70951.0,0,0,2013-05-04,66,239,39
1584,1977,Graduation,Married,41443.0,1,0,2014-04-01,79,171,47
7264,1978,2n Cycle,Single,52195.0,2,1,2014-05-12,2,12,46
6274,1948,Master,Married,83790.0,0,0,2013-11-15,81,1076,76
1377,1954,Master,Widow,44551.0,0,1,2013-08-31,24,182,70
454,1980,Graduation,Together,69508.0,1,0,2012-11-14,48,824,44
1755,1988,2n Cycle,Together,45204.0,1,0,2014-04-11,93,30,36
2075,1969,Graduation,Married,72460.0,0,0,2013-11-14,56,377,55
4785,1970,PhD,Together,77622.0,0,2,2014-04-14,3,520,54
9076,1980,PhD,Married,30732.0,1,0,2013-01-05,44,155,44
7079,1962,Graduation,Divorced,63887.0,0,1,2012-09-08,38,897,62
4653,1978,Graduation,Together,42011.0,1,0,2013-03-26,46,131,46
7375,1976,Graduation,Together,51369.0,0,1,2012-10-25,84,297,48
709,1952,Graduation,Divorced,51537.0,0,1,2012-12-09,27,787,72
460,1972,PhD,Married,79930.0,0,0,2012-08-08,72,792,52
3726,1986,PhD,Together,34320.0,1,0,2014-02-16,66,4,38
6798,1966,Graduation,Single,37070.0,1,1,2013-03-20,30,231,58
5341,1962,2n Cycle,Divorced,81975.0,0,1,2013-01-05,2,983,62
1606,1971,Graduation,Together,38590.0,1,0,2013-05-15,65,3,53
9617,1951,Graduation,Single,15033.0,0,0,2014-04-16,37,0,73
3233,1965,PhD,Married,62745.0,0,1,2013-03-23,89,562,59
89,1975,2n Cycle,Married,22212.0,1,0,2013-12-09,49,5,49
2936,1982,Master,Together,23661.0,1,0,2013-12-04,46,18,42
9449,1958,PhD,Single,79761.0,0,1,2013-10-04,32,415,66
7297,1973,Graduation,Single,7500.0,1,0,2013-12-26,54,5,51
313,1968,Graduation,Widow,73455.0,0,0,2013-10-28,98,901,56
9940,1958,Graduation,Together,64961.0,0,1,2012-12-23,97,382,66
10735,1971,Graduation,Single,22804.0,1,0,2013-07-31,75,14,53
9529,1990,Graduation,Married,73687.0,0,0,2013-11-28,8,559,34
6439,1958,Graduation,Married,61074.0,0,1,2012-08-17,37,789,66
7411,1964,PhD,Married,31686.0,1,1,2014-06-05,31,11,60
2176,1972,Graduation,Married,80134.0,1,0,2013-05-20,40,1218,52
9265,1953,Graduation,Married,75027.0,0,1,2013-01-09,74,925,71
8867,1988,PhD,Married,67546.0,0,0,2012-08-31,90,864,36
8932,1969,Master,Together,65176.0,0,1,2012-10-29,57,960,55
10236,1975,Master,Single,31160.0,1,0,2013-09-16,59,16,49
6340,1985,Graduation,Single,29938.0,1,0,2013-10-27,52,3,39
10089,1974,Graduation,Divorced,102692.0,0,0,2013-04-05,5,168,50
2227,1958,2n Cycle,Together,26490.0,0,0,2012-09-22,92,45,66
10992,1967,Graduation,Together,75702.0,1,1,2012-08-29,77,650,57
5304,1974,PhD,Single,30899.0,1,0,2012-10-13,35,24,50
309,1961,PhD,Together,63342.0,0,1,2012-10-16,48,918,63
3406,1964,Graduation,Single,45989.0,0,1,2012-10-22,97,138,60
2661,1964,Graduation,Single,18701.0,1,1,2013-06-04,95,12,60
3153,1957,PhD,Single,40737.0,2,1,2013-12-08,24,11,67
10264,1979,Graduation,Divorced,15287.0,1,0,2012-10-10,60,1,45
1184,1968,PhD,Divorced,69674.0,0,2,2013-05-22,46,554,56
4200,1970,Master,Married,44159.0,1,0,2014-06-17,85,167,54
9396,1978,PhD,Married,37717.0,1,0,2012-11-23,31,9,46
2387,1952,Master,Together,43776.0,1,1,2013-02-03,9,177,72
6690,1966,Master,Married,38179.0,1,1,2013-03-14,30,38,58
1225,1963,Graduation,Married,80124.0,0,0,2014-06-26,47,483,61
9703,1970,PhD,Married,38097.0,1,1,2012-10-15,70,77,54
291,1970,Graduation,Married,72940.0,0,0,2013-06-19,13,182,54
4557,1970,Graduation,Together,22070.0,1,0,2013-10-04,11,10,54
2379,1953,Graduation,Single,69267.0,0,0,2012-09-22,31,778,71
5726,1983,Master,Single,31788.0,1,0,2014-03-20,15,16,41
3066,1975,PhD,Together,61905.0,0,1,2014-02-04,2,167,49
6336,1960,Graduation,Married,29315.0,1,1,2014-04-06,55,13,64
10967,1963,Graduation,Divorced,33378.0,1,1,2013-02-06,38,33,61
2304,1963,PhD,Together,66313.0,0,1,2013-09-16,86,625,61
3445,1956,Graduation,Single,60714.0,0,0,2013-01-17,56,216,68
7828,1981,Master,Together,77882.0,0,0,2014-04-30,29,68,43
3762,1986,PhD,Single,69867.0,0,0,2013-04-02,30,196,38
4391,1968,Master,Divorced,63841.0,0,1,2013-04-21,64,635,56
4669,1981,Basic,Married,24480.0,1,0,2013-02-11,46,4,43
10144,1976,Graduation,Together,51369.0,0,1,2012-10-25,84,297,48
8652,1946,Graduation,Together,37760.0,0,0,2012-08-31,20,84,78
1672,1974,PhD,Together,65640.0,0,1,2014-03-01,74,204,50
8962,1975,Master,Married,44319.0,1,1,2014-04-17,18,26,49
9974,1974,Graduation,Married,30631.0,1,0,2013-07-12,75,15,50
10983,1952,Graduation,Together,75278.0,0,0,2013-01-29,17,304,72
8148,1956,Master,Together,50898.0,1,1,2013-01-08,88,285,68
10102,1966,Graduation,Widow,79946.0,0,0,2014-05-12,19,395,58
4697,1949,Master,Divorced,35416.0,0,0,2013-06-13,62,248,75
9262,1984,2n Cycle,Together,32414.0,0,0,2013-07-04,11,20,40
7254,1969,Graduation,Together,38361.0,1,0,2013-12-27,74,39,55
4543,1980,Graduation,Married,82497.0,0,0,2012-10-31,32,777,44
4927,1971,Graduation,Together,16626.0,2,0,2014-01-15,76,8,53
10451,1965,Graduation,Together,29672.0,1,1,2013-03-12,6,9,59
2926,1952,Master,Together,55951.0,0,1,2012-08-23,62,1241,72
2874,1988,2n Cycle,Divorced,35388.0,1,0,2013-03-07,20,6,36
9738,1986,Master,Together,42386.0,1,0,2013-01-13,43,65,38
7119,1982,Graduation,Single,68627.0,0,0,2013-01-12,45,395,42
3924,1965,PhD,Divorced,57912.0,0,1,2014-03-17,34,801,59
5827,1958,Graduation,Divorced,35246.0,1,1,2014-04-16,53,36,66
5596,1956,2n Cycle,Together,58821.0,0,1,2013-10-12,44,513,68
10812,1978,PhD,Married,46377.0,1,0,2014-03-01,89,37,46
1717,1988,Graduation,Single,39747.0,1,0,2014-04-13,43,80,36
9491,1984,Graduation,Together,23976.0,1,0,2013-12-27,68,14,40
9274,1961,Master,Married,80950.0,0,0,2013-03-28,44,525,63
6609,1966,Graduation,Widow,27038.0,0,0,2012-09-18,64,1,58
6963,1947,Graduation,Single,77457.0,0,0,2014-03-05,85,675,77
4440,1964,Master,Married,64100.0,0,1,2013-09-10,93,509,60
1379,1992,Master,Together,42670.0,0,0,2013-04-27,12,154,32
10032,1976,Graduation,Divorced,12571.0,1,0,2014-01-18,86,3,48
2826,1967,Graduation,Married,22574.0,2,1,2013-10-28,28,25,57
2437,1989,Graduation,Married,51381.5,0,0,2013-06-03,69,861,35
6320,1976,Master,Single,70893.0,0,0,2013-02-06,42,768,48
3050,1966,Graduation,Married,54198.0,1,1,2013-12-17,13,185,58
231,1956,Master,Together,28839.0,1,1,2014-03-11,86,24,68
2392,1972,Graduation,Married,40321.0,1,1,2013-07-29,59,44,52
9478,1985,Graduation,Single,66503.0,1,0,2012-08-14,30,91,39
113,1951,Graduation,Married,30833.0,1,1,2013-07-16,33,11,73
2863,1970,Graduation,Single,51381.5,1,2,2013-08-23,67,738,54
1802,1971,Graduation,Married,64795.0,0,1,2013-01-17,23,412,53
520,1974,Graduation,Married,34421.0,1,0,2013-07-01,81,3,50
8275,1965,PhD,Divorced,47025.0,1,1,2014-02-09,6,16,59
9750,1961,PhD,Divorced,64325.0,0,1,2013-02-07,41,731,63
2607,1953,Graduation,Single,40464.0,0,1,2013-01-11,78,424,71
7214,1957,Graduation,Married,62187.0,0,0,2013-07-05,49,792,67
5835,1976,PhD,Divorced,14849.0,1,0,2013-07-02,39,21,48
3896,1984,Graduation,Married,27255.0,1,0,2013-11-07,3,22,40
10350,1950,PhD,Married,54432.0,2,1,2013-05-09,37,33,74
7786,1986,PhD,Single,29999.0,1,0,2013-02-13,22,68,38
2861,1983,Graduation,Single,24072.0,1,0,2013-04-16,79,9,41
663,1989,PhD,Single,33996.0,0,0,2013-09-11,46,40,35
10675,1956,PhD,Married,66334.0,0,1,2013-04-03,82,909,68
2521,1971,Master,Married,35178.0,1,0,2013-01-10,10,23,53
9592,1983,Graduation,Together,22010.0,1,0,2013-06-30,51,11,41
10151,1960,Graduation,Divorced,62204.0,0,2,2012-09-12,38,317,64
7381,1968,Graduation,Divorced,75693.0,0,0,2012-12-06,10,797,56
4099,1972,Graduation,Married,30675.0,1,0,2012-11-12,14,10,52
9560,1965,Graduation,Together,83003.0,0,0,2013-03-03,18,856,59
10172,1988,Graduation,Single,68655.0,0,0,2012-08-10,95,456,36
11191,1986,Graduation,Divorced,41411.0,0,0,2013-12-07,11,37,38
9707,1969,PhD,Married,55212.0,0,1,2012-11-23,65,1103,55
6245,1950,PhD,Together,59292.0,0,1,2013-06-13,71,378,74
8234,1973,Basic,Together,27190.0,1,0,2013-08-15,13,1,51
1411,1952,Graduation,Divorced,82623.0,0,0,2013-11-10,58,204,72
8553,1965,Graduation,Married,44300.0,1,1,2013-06-23,65,30,59
1826,1970,Graduation,Divorced,84835.0,0,0,2014-06-16,0,189,54
8842,1971,Graduation,Widow,30372.0,1,1,2012-12-25,33,15,53
11030,1976,Master,Married,33181.0,1,0,2014-01-03,90,9,48
2579,1957,Graduation,Married,71113.0,0,1,2013-12-17,95,495,67
175,1986,Graduation,Married,71952.0,1,0,2013-01-10,93,656,38
9185,1966,PhD,Single,69759.0,0,0,2013-10-28,38,452,58
11056,1974,Graduation,Married,72099.0,0,0,2012-10-27,18,546,50
9365,1976,PhD,Single,60000.0,0,1,2012-12-22,57,1048,48
6201,1978,Graduation,Single,38643.0,1,1,2013-11-29,45,22,46
2061,1955,Graduation,Married,50737.0,0,1,2013-05-11,61,78,69
6184,1969,PhD,Married,68462.0,0,0,2012-12-12,6,561,55
6142,1943,Master,Married,65073.0,0,0,2013-08-20,65,629,81
4107,1948,PhD,Together,46681.0,0,2,2013-10-08,52,269,76
7274,1957,Graduation,Married,78618.0,0,0,2012-09-28,87,736,67
9336,1969,PhD,Widow,62187.0,0,1,2014-03-22,38,512,55
2958,1978,Graduation,Married,28442.0,2,0,2014-02-24,53,19,46
933,1978,PhD,Married,37717.0,1,0,2012-11-23,31,9,46
5837,1967,Graduation,Married,51479.0,1,1,2012-12-28,67,247,57
10704,1969,Graduation,Single,54803.0,0,1,2012-08-21,65,404,55
5125,1960,Graduation,Married,79530.0,0,0,2013-05-17,64,333,64
4432,1976,Graduation,Divorced,31615.0,1,0,2013-03-16,82,2,48
5955,1962,Graduation,Together,72025.0,0,0,2012-11-17,27,833,62
2928,1975,PhD,Single,52614.0,0,1,2012-12-01,63,789,49
5680,1984,2n Cycle,Married,35684.0,1,0,2014-04-22,66,10,40
10313,1975,Graduation,Married,48178.0,1,1,2012-10-28,69,159,49
2557,1970,Master,Single,29548.0,1,0,2013-08-29,52,7,54
1245,1966,Graduation,Single,63810.0,0,1,2012-11-11,45,977,58
1519,1972,PhD,Single,38578.0,1,1,2013-06-22,2,38,52
10703,1975,Master,Single,46098.0,1,1,2012-08-18,86,57,49
1726,1970,Graduation,Single,22585.0,0,0,2013-03-18,23,3,54
4459,1989,Graduation,Single,30279.0,1,0,2012-12-30,13,10,35
1729,1961,PhD,Together,66426.0,0,1,2013-10-02,14,1043,63
1517,1969,Graduation,Single,30822.0,1,0,2013-06-14,92,3,55
2098,1969,PhD,Married,33581.0,2,0,2013-01-08,38,11,55
9543,1985,Graduation,Married,19986.0,1,0,2013-11-14,74,3,39
6878,1954,Graduation,Widow,27421.0,0,0,2012-12-12,14,43,70
3310,1973,2n Cycle,Married,35688.0,2,1,2012-08-22,94,73,51
2724,1981,Master,Single,36143.0,1,0,2014-03-30,33,12,43
948,1971,Graduation,Single,10245.0,1,0,2013-05-15,32,4,53
6720,1968,Master,Together,43795.0,0,1,2013-10-16,11,314,56
6202,1960,Graduation,Together,63381.0,0,1,2012-10-05,78,571,64
2066,1949,Graduation,Together,38823.0,0,1,2012-08-30,56,70,75
9799,1968,PhD,Divorced,83664.0,1,1,2013-05-08,57,866,56
8318,1979,Graduation,Together,90300.0,0,0,2014-01-03,7,594,45
5642,1979,Master,Together,62499.0,1,0,2013-12-09,0,140,45
2669,1993,Graduation,Single,74293.0,0,0,2014-05-04,66,375,31
455,1946,PhD,Married,51012.0,0,0,2013-04-18,86,102,78
7683,1968,Master,Married,70777.0,0,1,2014-02-25,80,554,56
3428,1991,PhD,Together,68682.0,0,0,2013-10-06,56,919,33
7414,1971,Graduation,Married,43824.0,1,1,2012-09-15,18,96,53
6354,1984,Graduation,Together,15345.0,1,0,2012-08-31,51,5,40
798,1987,Graduation,Single,23442.0,1,0,2012-12-24,71,2,37
8213,1980,2n Cycle,Together,14515.0,1,0,2012-11-09,71,6,44
2488,1956,2n Cycle,Divorced,31395.0,1,1,2013-03-23,80,23,68
9999,1965,Graduation,Together,75276.0,0,0,2012-09-27,2,610,59
7617,1974,Graduation,Single,42373.0,1,1,2013-08-15,83,67,50
615,1960,Graduation,Together,30507.0,0,0,2013-03-11,29,65,64
2552,1955,PhD,Single,55521.0,1,2,2013-10-22,11,416,69
194,1965,Graduation,Married,48006.0,1,1,2014-06-09,55,23,59
3645,1972,PhD,Single,27213.0,1,0,2012-08-30,19,19,52
8890,1971,PhD,Divorced,65808.0,1,1,2014-05-30,1,155,53
5049,1974,PhD,Together,30351.0,1,0,2013-06-06,19,14,50
9973,1963,Graduation,Married,50437.0,0,2,2012-10-17,28,370,61
7301,1982,2n Cycle,Single,23616.0,1,0,2012-11-17,76,4,42
10882,1976,Graduation,Married,53858.0,0,1,2012-11-09,50,407,48
7030,1955,PhD,Married,66465.0,0,1,2013-03-30,1,1200,69
7422,1987,Graduation,Single,46923.0,1,0,2012-08-22,90,85,37
3523,1962,Graduation,Together,75072.0,0,1,2013-01-23,83,583,62
7106,1943,PhD,Married,75865.0,0,0,2014-03-31,73,483,81
6504,1975,2n Cycle,Together,19789.0,1,0,2013-11-20,24,2,49
5067,1994,Graduation,Together,80134.0,0,0,2014-02-14,11,966,30
4216,1981,Graduation,Single,91065.0,0,0,2013-02-22,33,822,43
8581,1971,Master,Married,49505.0,1,1,2013-03-05,4,604,53
5929,1973,PhD,Married,37401.0,1,0,2014-05-06,14,19,51
3129,1983,Graduation,Married,30096.0,1,0,2014-05-22,30,5,41
6528,1982,Master,Together,18492.0,1,0,2014-06-05,75,2,42
1361,1974,Master,Married,82584.0,0,0,2013-06-04,26,1076,50
6932,1941,PhD,Married,93027.0,0,0,2013-04-13,77,1285,83
7284,1953,Graduation,Married,48686.0,1,2,2013-12-04,8,10,71
1340,1986,Graduation,Married,92910.0,0,0,2014-04-24,42,551,38
8746,1989,Graduation,Married,75433.0,1,0,2014-04-05,28,800,35
5987,1989,2n Cycle,Together,10404.0,1,0,2014-05-04,52,2,35
3767,1968,Graduation,Married,61314.0,0,1,2013-04-25,1,378,56
3725,1961,PhD,Single,84865.0,0,0,2013-05-09,1,1248,63
4324,1989,Graduation,Married,42387.0,1,0,2012-10-29,42,235,35
238,1967,2n Cycle,Together,67309.0,1,1,2013-01-23,76,515,57
6694,1964,Graduation,Married,75236.0,0,1,2013-11-25,27,438,60
498,1970,Graduation,Single,30015.0,1,0,2014-02-02,28,25,54
9347,1956,Master,Together,50943.0,0,1,2013-06-21,49,31,68
9699,1966,Graduation,Divorced,67272.0,0,1,2013-12-21,12,357,58
10664,1949,Master,Widow,51529.0,0,1,2013-09-07,14,400,75
5455,1971,PhD,Married,32011.0,1,0,2013-08-22,89,99,53
456,1986,2n Cycle,Married,7500.0,1,0,2013-02-07,96,1,38
5012,1989,Graduation,Married,28691.0,1,0,2013-07-04,56,5,35
7495,1948,PhD,Married,56223.0,0,1,2013-12-20,72,77,76
5029,1946,Graduation,Married,18100.0,0,0,2013-08-06,14,3,78
10642,1989,Graduation,Single,30279.0,1,0,2012-12-30,13,10,35
2106,1974,2n Cycle,Married,20130.0,0,0,2014-03-17,99,0,50
10364,1959,Graduation,Divorced,23295.0,0,0,2013-07-13,72,0,65
5954,1972,Master,Divorced,42618.0,1,0,2013-10-09,92,76,52
1137,1964,Graduation,Single,81246.0,0,0,2013-12-29,87,398,60
2541,1976,Graduation,Married,24027.0,1,0,2013-06-09,7,14,48
1142,1953,PhD,Married,55707.0,0,1,2013-12-22,91,208,71
2276,1955,Graduation,Single,57959.0,0,1,2013-05-02,71,430,69
2807,1969,Graduation,Married,56796.0,0,1,2013-02-16,24,656,55
6471,1971,Master,Single,36230.0,1,0,2013-10-17,17,14,53
6131,1980,2n Cycle,Married,70829.0,1,1,2013-12-01,87,141,44
6233,1976,Graduation,Married,65991.0,0,1,2012-09-07,21,507,48
4148,1972,Graduation,Married,38988.0,1,2,2012-08-20,90,164,52
4947,1966,2n Cycle,Single,89572.0,0,0,2012-09-15,44,606,58
3225,1984,Master,Married,42207.0,1,0,2013-04-01,71,116,40
7540,1952,Graduation,Married,50300.0,0,1,2014-05-25,52,143,72
10648,1982,2n Cycle,Together,66664.0,0,0,2012-09-25,78,398,42
1992,1964,Graduation,Married,60597.0,0,1,2014-01-01,2,522,60
7851,1949,Graduation,Widow,70165.0,0,0,2013-09-22,60,161,75
8594,1958,PhD,Widow,50520.0,0,1,2014-01-28,25,112,66
7059,1963,Graduation,Married,80124.0,0,0,2014-06-26,47,483,61
2815,1975,Graduation,Married,33183.0,1,0,2014-02-24,46,7,49
2416,1969,PhD,Single,66582.0,0,0,2014-03-03,83,789,55
7999,1955,PhD,Together,75261.0,0,0,2013-04-23,17,1239,69
9213,1970,Graduation,Widow,31880.0,1,0,2012-10-31,13,4,54
9697,1951,Graduation,Married,53790.0,0,2,2014-03-06,86,335,73
3916,1971,PhD,Together,49269.0,1,0,2012-08-15,92,639,53
2021,1975,Graduation,Married,61456.0,0,1,2013-03-27,47,563,49
1581,1980,Graduation,Married,37406.0,1,0,2013-10-10,18,2,44
564,1981,PhD,Together,56937.0,1,0,2012-08-04,81,746,43
6619,1978,Graduation,Married,38415.0,1,1,2013-01-02,91,22,46
9081,1988,Graduation,Single,20518.0,1,0,2014-05-18,58,4,36
178,1956,Graduation,Married,62503.0,0,1,2013-02-18,40,478,68
916,1972,PhD,Single,41644.0,1,1,2014-05-09,67,20,52
5512,1977,Master,Married,55842.0,0,1,2014-05-23,19,451,47
8970,1972,PhD,Married,62010.0,0,1,2012-10-23,93,371,52
10581,1977,Graduation,Married,41124.0,1,0,2012-10-31,41,281,47
5300,1973,Master,Married,38961.0,1,0,2013-12-30,60,19,51
5154,1972,Master,Divorced,37760.0,1,0,2013-08-11,54,26,52
8346,1974,Graduation,Single,32233.0,1,0,2012-08-19,26,138,50
1676,1975,Graduation,Married,43057.0,0,1,2013-10-30,30,213,49
9286,1960,Master,Together,83151.0,0,0,2012-10-10,93,407,64
2426,1964,PhD,Divorced,78825.0,0,0,2012-09-14,35,483,60
5172,1976,Master,Together,65104.0,0,1,2013-11-14,4,738,48
5562,1974,Graduation,Married,60093.0,0,1,2013-06-26,92,502,50
3436,1969,Graduation,Married,14045.0,1,0,2014-01-26,24,11,55
3921,1952,2n Cycle,Widow,28457.0,0,0,2012-10-28,96,24,72
3403,1958,PhD,Together,78952.0,0,1,2012-09-24,11,1170,66
22,1976,Graduation,Divorced,46310.0,1,0,2012-12-03,99,185,48
10965,1955,Graduation,Together,76005.0,0,0,2013-02-22,72,983,69
9426,1964,Master,Single,58308.0,0,1,2013-01-12,77,691,60
6605,1944,PhD,Divorced,55614.0,0,0,2013-11-27,85,504,80
3136,1962,Master,Divorced,59432.0,0,1,2013-04-13,88,317,62
8737,1978,Graduation,Divorced,55563.0,0,1,2014-04-05,22,29,46
11088,1971,PhD,Together,78642.0,0,1,2013-04-21,83,1396,53
716,1949,PhD,Together,67911.0,0,1,2014-05-22,63,529,75
466,1944,Graduation,Married,65275.0,0,0,2013-04-03,9,388,80
9135,1950,Graduation,Together,27203.0,1,1,2012-08-06,92,13,74
10623,1961,Master,Together,48330.0,0,1,2013-11-15,2,28,63
8151,1990,Basic,Married,24279.0,0,0,2012-12-29,6,16,34
5140,1985,PhD,Married,64355.0,1,0,2012-08-24,66,1047,39
10160,1956,Master,Together,50943.0,0,1,2013-06-21,49,31,68
4945,1953,Graduation,Widow,53653.0,0,0,2012-11-07,29,815,71
10584,1976,Graduation,Married,65665.0,0,1,2013-12-02,77,225,48
6071,1989,Graduation,Single,81217.0,0,0,2013-07-19,77,493,35
3386,1992,Graduation,Married,34935.0,0,0,2013-06-21,71,34,32
8939,1959,Graduation,Divorced,61250.0,0,1,2012-12-16,49,382,65
9925,1981,PhD,Together,39665.0,1,0,2013-05-25,97,127,43
4320,1979,Graduation,Single,60152.0,0,1,2013-03-28,6,325,45
5389,1964,Graduation,Married,48920.0,0,2,2013-10-20,93,238,60
6036,1959,Master,Together,89120.0,0,0,2014-03-17,78,1168,65
182,1946,PhD,Together,44124.0,0,1,2013-05-11,62,284,78
203,1975,Master,Single,81169.0,0,0,2013-04-14,47,1288,49
11025,1961,Graduation,Married,36443.0,1,1,2013-02-03,9,65,63
10203,1990,Graduation,Single,26095.0,1,0,2013-06-30,77,11,34
4607,1959,Graduation,Together,71367.0,0,0,2013-08-23,24,227,65
3711,1944,Master,Married,80184.0,0,0,2014-03-01,19,1035,80
3696,1965,Graduation,Divorced,30630.0,1,1,2014-01-27,67,27,59
2532,1987,Master,Single,73454.0,0,0,2014-03-01,95,982,37
9214,1991,Graduation,Married,42691.0,0,0,2013-08-16,48,179,33
4943,1953,Graduation,Married,70503.0,0,0,2012-09-30,73,1379,71
35,1987,Graduation,Married,25545.0,1,0,2012-09-08,35,32,37
2258,1986,Graduation,Married,32880.0,1,0,2012-12-04,76,8,38
4322,1958,PhD,Together,77863.0,0,0,2013-11-27,20,881,66
713,1977,Master,Married,50353.0,0,0,2014-06-08,72,141,47
4702,1964,Graduation,Single,61839.0,0,0,2012-08-12,20,1000,60
3281,1960,PhD,Married,49154.0,1,1,2013-11-03,69,206,64
702,1975,2n Cycle,Widow,47682.0,0,1,2013-02-15,80,162,49
2004,1969,Graduation,Single,72679.0,0,1,2013-09-18,65,619,55
4769,1977,Master,Together,57954.0,1,1,2014-06-18,52,456,47
4437,1962,Graduation,Married,65316.0,1,1,2013-04-24,65,112,62
8724,1982,Graduation,Single,28567.0,1,0,2013-06-17,57,11,42
10741,1951,Master,Together,47352.0,0,1,2013-04-11,70,172,73
1991,1967,Graduation,Together,44931.0,0,1,2014-01-18,0,78,57
6931,1967,Graduation,Divorced,76982.0,0,0,2014-02-15,19,464,57
11096,1952,2n Cycle,Together,57247.0,0,1,2013-08-08,50,99,72
304,1981,Master,Single,22944.0,1,0,2013-12-23,67,19,43
3665,1977,2n Cycle,Together,25315.0,1,0,2013-11-07,46,1,47
10591,1969,Graduation,Widow,43638.0,0,1,2012-08-06,37,63,55
5036,1984,PhD,Single,42710.0,1,0,2012-11-28,38,252,40
5547,1982,PhD,Married,84169.0,0,0,2013-08-07,9,1478,42
7822,1976,Graduation,Together,54058.0,0,1,2013-06-04,56,198,48
8541,1990,2n Cycle,Married,24683.0,1,0,2014-03-08,98,8,34
10955,1964,Graduation,Widow,85620.0,0,0,2014-01-07,68,416,60
4368,1980,Graduation,Married,47850.0,1,0,2013-12-03,72,42,44
9671,1968,Graduation,Married,19514.0,1,1,2014-01-26,47,14,56
2256,1973,Master,Married,27159.0,1,1,2014-03-29,33,17,51
4279,1963,2n Cycle,Single,39548.0,1,1,2014-03-31,87,15,61
5371,1989,Graduation,Single,21474.0,1,0,2014-04-08,0,6,35
9240,1971,PhD,Single,60504.0,0,1,2014-02-07,73,458,53
9460,1963,Graduation,Married,22419.0,0,0,2013-04-18,74,30,61
9504,1949,Master,Married,81698.0,0,0,2013-11-06,4,179,75
8692,1952,Graduation,Together,43462.0,1,1,2012-09-12,50,90,72
448,1978,PhD,Single,54880.0,1,0,2013-03-01,57,308,46
8314,1982,Graduation,Married,79908.0,0,0,2013-04-05,30,557,42
8420,1970,2n Cycle,Married,15315.0,0,0,2013-08-03,27,7,54
3174,1959,Graduation,Together,87771.0,0,1,2013-05-22,61,1492,65
7685,1978,Graduation,Married,33039.0,1,0,2013-09-09,4,30,46
3179,1980,Graduation,Single,81741.0,0,0,2013-06-16,75,249,44
9780,1971,Master,Together,71499.0,0,1,2013-06-25,12,465,53
10681,1970,2n Cycle,Married,62466.0,0,1,2014-01-15,13,129,54
10232,1963,PhD,Divorced,48799.0,0,1,2013-11-05,9,174,61
4184,1950,PhD,Together,52157.0,0,1,2014-06-07,48,189,74
9120,1962,Graduation,Single,66565.0,0,1,2012-12-05,80,747,62
891,1951,Master,Together,29298.0,1,1,2013-09-07,60,6,73
10381,1979,Graduation,Single,47691.0,0,1,2013-07-05,43,14,45
3525,1970,Graduation,Together,38200.0,1,1,2012-12-07,19,12,54
6818,1974,Graduation,Married,44989.0,0,1,2012-09-12,26,98,50
3526,1968,PhD,Married,38443.0,1,1,2014-01-27,58,32,56
8181,1978,2n Cycle,Single,38593.0,1,0,2013-09-13,42,51,46
1029,1970,PhD,Together,64413.0,0,1,2013-08-01,27,200,54
7369,1981,Master,Married,36959.0,1,0,2013-10-02,56,25,43
2574,1977,PhD,Married,61996.0,0,1,2013-01-31,27,1050,47
8159,1968,Graduation,Married,51287.0,1,1,2014-04-01,10,117,56
1160,1970,Graduation,Married,13260.0,1,1,2013-08-23,48,9,54
10242,1966,PhD,Together,47472.0,1,1,2013-09-16,39,56,58
5253,1956,Master,Together,54603.0,1,1,2013-07-09,85,145,68
5966,1974,PhD,Married,45207.0,1,1,2012-11-10,64,203,50
5314,1951,Graduation,Together,40689.0,0,1,2013-03-18,69,270,73
5081,1967,2n Cycle,Together,47821.0,1,1,2013-10-20,54,9,57
5123,1951,Master,Married,27450.0,0,0,2013-04-15,57,37,73
5756,1983,Graduation,Together,39453.0,1,0,2014-04-03,64,46,41
8036,1971,2n Cycle,Together,26850.0,1,1,2014-04-18,10,31,53
9058,1955,Graduation,Widow,79800.0,0,0,2012-09-23,65,1060,69
5057,1961,Master,Married,61794.0,0,1,2013-09-14,74,264,63
254,1955,Graduation,Together,53863.0,0,1,2014-05-17,4,399,69
4179,1959,Graduation,Together,24221.0,0,0,2013-08-20,94,8,65
3710,1984,PhD,Single,39684.0,1,0,2012-10-12,41,19,40
7627,1975,Master,Married,92163.0,0,0,2012-12-12,25,817,49
4501,1965,Master,Single,69882.0,0,0,2013-11-10,94,292,59
6424,1977,Graduation,Together,33178.0,1,0,2014-01-30,9,12,47
3075,1972,PhD,Married,59973.0,0,0,2013-09-11,47,130,52
4992,1975,Master,Together,17459.0,1,0,2013-09-19,12,6,49
5252,1969,Graduation,Divorced,23910.0,1,0,2012-10-26,80,16,55
7444,1969,Master,Married,42169.0,1,1,2013-10-19,20,19,55
6919,1978,2n Cycle,Married,26224.0,1,0,2013-06-04,39,4,46
3537,1981,Graduation,Together,31089.0,1,0,2012-08-17,57,31,43
10277,1961,Graduation,Single,30081.0,0,1,2013-02-21,27,36,63
2453,1960,Graduation,Together,62807.0,0,1,2012-08-31,83,526,64
7972,1955,Graduation,Single,72906.0,0,0,2013-09-17,79,400,69
895,1948,PhD,Married,61467.0,0,2,2012-12-09,69,410,76
1177,1966,Master,Together,49618.0,1,1,2013-01-26,77,80,58
7141,1986,Master,Single,21888.0,1,0,2012-12-29,15,88,38
7232,1973,Graduation,Widow,42429.0,0,1,2014-02-11,99,55,51
8477,1956,Graduation,Divorced,26150.0,2,1,2013-03-11,61,5,68
2457,1975,Basic,Married,30801.0,0,1,2012-10-26,23,8,49
988,1965,Graduation,Married,81168.0,0,0,2014-05-07,84,410,59
7930,1969,Master,Single,26877.0,0,0,2013-08-19,74,101,55
4587,1944,Master,Widow,45006.0,0,0,2013-07-18,90,162,80
6682,1973,Basic,Married,18978.0,1,0,2012-12-11,41,2,51
6222,1967,Graduation,Married,22574.0,2,1,2013-10-28,28,25,57
10299,1969,PhD,Single,48240.0,0,0,2012-11-09,73,389,55
3083,1974,Graduation,Married,45837.0,1,1,2013-07-26,88,215,50
8953,1965,Master,Single,35791.0,2,1,2013-05-06,94,27,59
1503,1976,PhD,Together,162397.0,1,1,2013-06-03,31,85,48
8650,1978,Graduation,Widow,54162.0,1,1,2013-03-18,31,5,46
10862,1960,Master,Married,30522.0,0,1,2012-08-17,6,179,64
2782,1961,PhD,Married,54456.0,0,1,2013-07-11,23,352,63
6941,1971,Graduation,Single,31632.0,0,0,2013-07-14,92,17,53
10972,1949,Graduation,Widow,72298.0,0,0,2014-03-10,52,625,75
10708,1978,2n Cycle,Single,36975.0,1,0,2013-12-28,50,10,46
6583,1955,2n Cycle,Married,72635.0,0,0,2013-06-03,54,390,69
3641,1976,Graduation,Married,13624.0,1,0,2013-01-20,93,10,48
10156,1975,Graduation,Single,84196.0,0,1,2013-06-03,56,215,49
4299,1960,Graduation,Together,70971.0,0,1,2012-09-21,28,1001,64
3469,1977,PhD,Divorced,34487.0,1,1,2012-09-06,94,19,47
5063,1977,Graduation,Single,28769.0,1,0,2012-12-18,76,41,47
10727,1970,PhD,Married,69084.0,1,0,2013-11-19,43,1181,54
9624,1958,PhD,Together,65488.0,0,0,2014-06-13,46,603,66
5156,1970,2n Cycle,Married,62466.0,0,1,2014-01-15,13,129,54
4376,1960,2n Cycle,Single,32218.0,0,0,2014-02-15,27,10,64
8923,1973,Graduation,Single,83917.0,0,0,2013-04-18,12,514,51
8461,1962,Graduation,Divorced,46102.0,2,1,2014-03-10,3,14,62
6945,1952,Graduation,Single,84574.0,0,0,2013-06-04,72,387,72
944,1962,Graduation,Married,56181.0,0,1,2013-01-08,6,121,62
1907,1950,Master,Divorced,63120.0,0,1,2012-09-28,53,965,74
701,1971,Graduation,Married,73691.0,0,1,2013-11-06,58,707,53
3856,1960,Graduation,Together,63381.0,0,1,2012-10-05,78,571,64
4149,1948,PhD,Together,76140.0,0,0,2014-05-13,57,586,76
2131,1959,PhD,Divorced,62859.0,0,1,2012-12-30,37,1063,65
2942,1964,Graduation,Single,45906.0,0,1,2013-05-07,20,305,60
1173,1947,Master,Together,77632.0,0,0,2013-03-10,73,1200,77
4381,1971,PhD,Married,46463.0,1,1,2013-08-18,56,163,53
4611,1970,Graduation,Together,105471.0,0,0,2013-01-21,36,1009,54
3376,1970,Master,Divorced,55282.0,1,0,2013-12-13,9,125,54
4679,1977,Master,Married,78710.0,0,1,2014-05-23,42,721,47
10928,1958,Graduation,Together,66886.0,0,1,2013-09-16,28,315,66
4248,1960,Master,Single,98777.0,0,0,2014-02-17,23,1000,64
6728,1985,Graduation,Together,29103.0,1,0,2012-08-27,38,16,39
6661,1974,Graduation,Married,67445.0,0,1,2012-08-12,63,757,50
4725,1950,PhD,Together,50616.0,0,1,2014-04-13,71,30,74
3277,1955,Graduation,Divorced,49431.0,0,1,2012-08-03,9,219,69
5555,1975,Graduation,Divorced,153924.0,0,0,2014-02-07,81,1,49
2564,1953,Graduation,Together,61278.0,0,1,2014-01-04,87,111,71
946,1958,2n Cycle,Together,26490.0,0,0,2012-09-22,92,45,66
3867,1947,PhD,Together,73059.0,0,1,2013-08-31,36,410,77
6940,1966,PhD,Single,46734.0,1,2,2013-10-21,86,100,58
55,1963,Graduation,Together,56253.0,0,1,2012-12-07,83,509,61
7093,1985,Graduation,Married,19986.0,1,0,2013-11-14,74,3,39
5084,1975,Graduation,Widow,58330.0,0,1,2013-12-25,87,445,49
1777,1980,Basic,Married,25965.0,0,0,2012-09-07,29,2,44
8162,1956,Master,Together,14661.0,0,0,2013-01-01,88,4,68
10826,1959,Graduation,Married,18690.0,0,0,2012-12-28,77,6,65
8754,1974,PhD,Together,45068.0,0,1,2013-05-16,25,14,50
1987,1987,Basic,Single,21063.0,1,0,2013-09-25,34,1,37
11007,1968,PhD,Married,29187.0,1,0,2013-05-09,43,26,56
7426,1971,2n Cycle,Married,54690.0,1,1,2013-11-07,76,111,53
9153,1964,PhD,Married,59304.0,0,1,2013-07-29,81,418,60
10379,1962,Master,Single,59247.0,0,2,2013-11-08,87,327,62
9204,1970,Graduation,Widow,66731.0,0,1,2012-09-12,33,371,54
3197,1980,Graduation,Married,77353.0,0,1,2013-12-16,38,275,44
2920,1975,PhD,Single,52614.0,0,1,2012-12-01,63,789,49
6961,1974,Graduation,Married,26751.0,2,0,2014-05-22,26,1,50
4673,1963,PhD,Married,81300.0,0,1,2012-10-30,17,1004,61
9937,1979,Graduation,Single,70337.0,0,0,2014-01-02,75,187,45
8779,1985,2n Cycle,Married,36145.0,1,0,2013-06-16,13,56,39
9596,1980,PhD,Single,65295.0,0,0,2013-12-23,19,365,44
2891,1963,Graduation,Divorced,68118.0,0,1,2013-10-18,51,595,61
4910,1967,Graduation,Divorced,68743.0,0,0,2012-08-30,81,1132,57
75,1982,2n Cycle,Together,41039.0,0,0,2013-07-25,32,34,42
10120,1955,Graduation,Together,38946.0,0,1,2013-10-24,84,116,69
6327,1967,Graduation,Together,65777.0,0,0,2013-12-19,87,565,57
10142,1976,PhD,Divorced,66476.0,0,1,2013-03-07,99,372,48
9826,1972,PhD,Single,86857.0,0,0,2012-09-12,96,899,52
1501,1982,PhD,Married,160803.0,0,0,2012-08-04,21,55,42
10767,1989,PhD,Together,77845.0,0,0,2014-05-16,40,760,35
7279,1969,PhD,Together,69476.0,0,0,2013-09-30,3,260,55
7230,1960,PhD,Divorced,50611.0,0,1,2012-10-04,98,459,64
143,1970,Graduation,Single,61209.0,0,0,2013-08-25,73,466,54
450,1958,Master,Together,42315.0,0,1,2013-07-12,90,67,66
9316,1952,Basic,Together,13084.0,0,0,2013-11-02,29,2,72
6379,1949,Master,Widow,47570.0,1,1,2013-05-29,3,67,75
9239,1961,Master,Married,61923.0,0,2,2013-07-26,94,92,63
8315,1995,Graduation,Single,34824.0,0,0,2014-03-26,65,4,29
2868,1949,PhD,Single,26518.0,1,1,2013-04-08,33,20,75
10888,1961,Graduation,Single,45938.0,0,0,2013-11-03,46,273,63
1277,1960,Graduation,Together,78468.0,0,0,2014-04-09,29,434,64
9977,1973,Graduation,Divorced,78901.0,0,1,2013-09-17,99,321,51
10196,1978,Graduation,Married,71427.0,2,0,2014-03-12,26,212,46
6384,1978,Graduation,Divorced,71022.0,0,1,2014-02-11,30,909,46
8029,1988,Master,Single,90247.0,0,0,2014-04-29,27,1184,36
968,1968,Master,Divorced,41335.0,1,0,2013-12-26,24,112,56
6988,1986,Graduation,Married,71952.0,1,0,2013-01-10,93,656,38
4472,1970,PhD,Divorced,35682.0,1,0,2014-06-27,34,23,54
6991,1951,Graduation,Divorced,43185.0,0,1,2013-04-10,88,537,73
3336,1948,PhD,Together,66375.0,0,1,2013-11-21,96,712,76
4301,1971,Master,Married,35178.0,1,0,2013-01-10,10,23,53
1940,1986,Graduation,Married,25252.0,1,0,2013-07-12,26,1,38
1272,1965,Master,Single,55250.0,0,1,2012-10-21,49,664,59
1388,1975,Graduation,Single,33249.0,1,0,2013-02-20,11,6,49
1044,1953,Graduation,Together,58398.0,0,0,2013-05-14,44,299,71
6969,1982,Graduation,Together,50272.0,1,0,2013-08-07,75,99,42
10479,1975,PhD,Married,76618.0,0,0,2012-12-07,64,749,49
3619,1960,2n Cycle,Divorced,87305.0,0,0,2012-09-23,19,345,64
1715,1978,Graduation,Together,25851.0,1,0,2013-02-11,45,9,46
10159,1970,Graduation,Divorced,58710.0,0,1,2013-03-31,77,440,54
1463,1958,Graduation,Single,45160.0,1,1,2014-03-29,9,8,66
5114,1965,Master,Married,74806.0,0,1,2012-12-19,1,670,59
4990,1954,Graduation,Married,59111.0,0,0,2013-05-02,90,524,70
4329,1984,PhD,Married,18988.0,1,0,2014-05-23,43,6,40
10936,1965,Graduation,Married,72190.0,0,0,2013-02-13,79,597,59
4692,1976,Graduation,Married,7500.0,1,0,2012-08-01,19,7,48
7212,1966,Graduation,Married,44794.0,0,1,2014-06-08,99,54,58
6086,1955,Graduation,Married,80395.0,0,0,2013-11-23,62,445,69
437,1976,Master,Divorced,75012.0,0,0,2014-01-25,41,294,48
11171,1965,Master,Married,56962.0,2,1,2013-10-11,60,292,59
11101,1991,Graduation,Together,89891.0,0,0,2013-04-15,17,412,33
5329,1949,PhD,Divorced,35946.0,1,1,2013-09-27,24,8,75
610,1953,PhD,Together,53593.0,1,1,2012-08-07,60,349,71
9384,1978,Graduation,Married,66373.0,1,1,2013-06-12,57,328,46
5956,1948,PhD,Divorced,45072.0,1,2,2013-10-16,74,144,76
10430,1973,Graduation,Divorced,89694.0,1,1,2013-10-09,22,1126,51
7875,1949,Graduation,Married,72025.0,0,0,2014-04-29,46,967,75
7072,1973,Graduation,Married,67432.0,0,1,2013-03-29,69,432,51
6255,1952,Master,Together,70545.0,0,1,2014-06-03,29,138,72
6516,1989,Basic,Married,17487.0,1,0,2013-03-18,37,0,35
5564,1969,Graduation,Together,62882.0,0,1,2012-08-09,26,509,55
5682,1953,PhD,Single,64108.0,0,1,2013-03-23,8,948,71
7458,1956,Master,Together,34941.0,1,1,2013-03-06,26,39,68
5237,1950,PhD,Single,48767.0,1,2,2014-01-01,79,28,74
7761,1978,2n Cycle,Together,38702.0,1,0,2013-08-01,71,13,46
5278,1964,Graduation,Married,82224.0,0,0,2014-01-25,83,307,60
3560,1952,Graduation,Together,83844.0,0,0,2013-05-12,57,901,72
7235,1975,2n Cycle,Married,17003.0,1,0,2013-12-09,37,2,49
10548,1995,Graduation,Single,71163.0,0,0,2014-03-09,30,283,29
2281,1970,Graduation,Single,33697.0,1,0,2013-09-15,34,4,54
4073,1954,2n Cycle,Married,63564.0,0,0,2014-01-29,0,769,70
6974,1972,PhD,Together,83443.0,0,0,2013-12-31,89,518,52
7938,1958,PhD,Together,51518.0,0,1,2013-10-03,92,350,66
7094,1975,Graduation,Widow,58330.0,0,1,2013-12-25,87,445,49
3667,1969,Graduation,Married,80952.0,0,0,2013-02-28,20,778,55
7723,1979,Graduation,Together,75507.0,0,0,2014-05-02,56,709,45
3870,1978,2n Cycle,Together,63855.0,0,0,2013-02-09,28,359,46
4012,1972,PhD,Together,62220.0,0,1,2012-08-11,55,799,52
5909,1964,Graduation,Married,58512.0,0,1,2013-09-19,25,895,60
10470,1979,Master,Married,40662.0,1,0,2013-03-15,0,40,45
6488,1959,PhD,Married,38829.0,0,1,2014-04-06,86,76,65
10270,1981,2n Cycle,Married,35523.0,1,0,2013-10-03,8,11,43
6887,1967,Graduation,Single,79146.0,1,1,2014-04-24,33,245,57
6406,1988,Master,Married,78285.0,0,0,2013-10-28,13,647,36
7573,1978,PhD,Single,31626.0,1,0,2013-05-10,12,39,46
4508,1952,Graduation,Single,75127.0,0,0,2014-05-22,92,203,72
221,1955,Graduation,Married,48726.0,0,1,2013-04-27,90,138,69
5331,1977,Graduation,Married,74985.0,0,0,2012-09-11,8,587,47
1911,1987,Graduation,Together,67430.0,0,0,2012-09-05,6,595,37
20,1965,2n Cycle,Married,46891.0,0,1,2013-09-01,91,43,59
8786,1956,Master,Married,62058.0,0,1,2013-05-26,52,301,68
10582,1979,Graduation,Married,72063.0,0,1,2013-07-03,3,180,45
1915,1951,PhD,Married,78939.0,0,0,2013-12-12,57,794,73
8897,1965,Graduation,Single,42720.0,1,1,2013-04-24,9,392,59
2371,1972,Graduation,Married,33622.0,1,1,2013-04-13,22,39,52
4303,1957,PhD,Together,6835.0,0,1,2012-12-08,76,107,67
6825,1953,Graduation,Together,41452.0,1,1,2013-03-06,86,13,71
1072,1965,PhD,Single,40760.0,0,1,2013-08-30,64,70,59
4964,1958,PhD,Together,74250.0,0,0,2014-01-26,90,680,66
2461,1955,Master,Single,51124.0,1,1,2013-12-18,79,26,69
10736,1971,Graduation,Single,72258.0,0,1,2013-09-12,28,522,53
3194,1974,PhD,Single,71466.0,0,0,2014-04-05,86,412,50
10839,1976,Graduation,Together,36283.0,1,1,2014-04-14,42,6,48
49,1970,Graduation,Single,20587.0,1,0,2014-05-11,39,2,54
4290,1972,Graduation,Married,30467.0,1,0,2014-03-19,8,1,52
10219,1972,Graduation,Together,31590.0,1,0,2013-06-18,40,6,52
4211,1986,Basic,Married,20425.0,1,0,2012-10-29,5,4,38
1135,1960,Master,Together,17144.0,1,1,2014-02-15,96,18,64
6299,1968,PhD,Divorced,42564.0,0,1,2013-01-02,28,324,56
10846,1978,Master,Married,43783.0,1,0,2014-05-29,22,327,46
347,1976,Graduation,Divorced,40780.0,0,1,2012-09-08,30,229,48
6543,1945,Master,Together,62847.0,0,0,2013-01-15,45,521,79
10446,1957,PhD,Married,82017.0,0,0,2012-11-07,58,184,67
3479,1950,Graduation,Single,16813.0,0,0,2013-07-19,49,4,74
11075,1978,Graduation,Married,51267.0,1,1,2013-10-29,37,183,46
4442,1961,Graduation,Single,46524.0,0,1,2013-04-05,70,31,63
199,1962,Master,Single,45183.0,0,0,2013-01-20,33,219,62
6722,1954,PhD,Married,70421.0,0,1,2014-06-28,98,479,70
796,1965,2n Cycle,Divorced,60161.0,0,1,2012-10-23,17,584,59
3749,1973,Graduation,Together,73926.0,0,0,2013-03-02,54,627,51
8523,1968,Graduation,Married,19329.0,1,0,2013-12-14,39,24,56
310,1970,Master,Married,61872.0,0,1,2013-12-13,81,330,54
8629,1956,Graduation,Widow,46984.0,1,1,2013-03-26,71,19,68
236,1951,Graduation,Married,34838.0,1,1,2013-01-19,62,28,73
9930,1944,PhD,Single,82716.0,0,0,2013-11-05,8,606,80
3483,1958,Graduation,Married,48192.0,0,0,2013-04-06,76,1039,66
4599,1976,Master,Married,49681.0,0,2,2013-11-04,66,411,48
7326,1971,Master,Married,56850.0,0,1,2014-03-23,83,34,53
7352,1957,Graduation,Married,55267.0,0,1,2013-10-21,28,161,67
2350,1972,Graduation,Married,59666.0,1,1,2013-03-22,87,623,52
9145,1972,Graduation,Single,72504.0,0,1,2013-04-06,43,604,52
2964,1981,Graduation,Married,26872.0,0,0,2013-10-16,0,3,43
5585,1972,Graduation,Single,21359.0,1,0,2013-04-20,1,12,52
9687,1975,Graduation,Single,73170.0,0,0,2014-05-31,1,184,49
3732,1955,Master,Married,52750.0,0,1,2013-02-04,72,393,69
6303,1986,PhD,Together,91820.0,0,0,2013-11-23,72,410,38
11176,1970,PhD,Together,65968.0,0,1,2014-05-12,12,376,54
2986,1976,Graduation,Married,30772.0,1,1,2014-03-12,89,7,48
7462,1954,Graduation,Single,22507.0,0,0,2012-11-24,67,68,70
3900,1972,Graduation,Married,65685.0,0,1,2014-03-29,54,642,52
7034,1978,2n Cycle,Married,25804.0,1,0,2013-09-01,34,8,46
9493,1980,PhD,Single,76412.0,0,0,2013-05-05,15,840,44
1143,1972,Graduation,Married,22063.0,1,0,2013-08-08,43,7,52
1,1961,Graduation,Single,57091.0,0,0,2014-06-15,0,464,63
3855,1963,Graduation,Married,22419.0,0,0,2013-04-18,74,30,61
5536,1959,Graduation,Together,87771.0,0,1,2013-05-22,61,1492,65
5989,1959,2n Cycle,Divorced,78353.0,0,1,2013-04-16,51,752,65
9499,1954,Graduation,Married,93404.0,1,2,2013-05-07,97,1279,70
6768,1962,Graduation,Divorced,37859.0,1,2,2013-01-12,75,22,62
2150,1958,PhD,Widow,80995.0,0,1,2013-05-11,83,860,66
6646,1984,Graduation,Together,16529.0,1,0,2014-03-01,23,3,40
4887,1976,PhD,Divorced,55412.0,1,1,2013-11-22,65,10,48
8560,1992,Graduation,Single,48789.0,0,0,2012-09-10,94,351,32
3321,1967,PhD,Together,56575.0,0,2,2013-05-05,42,421,57
11003,1980,2n Cycle,Together,25130.0,1,0,2013-10-02,10,2,44
10402,1967,Graduation,Married,35441.0,1,1,2013-02-14,94,25,57
9904,1956,Graduation,Married,71391.0,0,1,2013-03-29,50,336,68
6141,1972,Master,Single,49494.0,1,0,2013-04-25,46,191,52
5687,1980,Graduation,Divorced,81702.0,0,0,2012-09-23,98,563,44
10856,1980,2n Cycle,Single,45889.0,0,1,2013-07-02,42,31,44
5121,1977,Graduation,Single,56628.0,0,1,2014-03-21,30,479,47
4186,1950,Graduation,Together,34026.0,1,1,2013-08-05,11,18,74
368,1974,Graduation,Married,40049.0,0,1,2012-11-29,61,91,50
3312,1988,Graduation,Single,34176.0,1,0,2014-05-12,12,5,36
11121,1981,Graduation,Married,19419.0,1,0,2012-11-10,76,2,43
5332,1960,2n Cycle,Married,82504.0,0,0,2013-07-27,2,362,64
5848,1970,Graduation,Together,81205.0,0,0,2014-01-13,43,724,54
10343,1991,2n Cycle,Single,61618.0,0,0,2012-09-29,27,605,33
5935,1956,Master,Single,55284.0,0,1,2012-12-24,60,547,68
2895,1963,Graduation,Single,49980.0,0,1,2013-10-23,79,104,61
10262,1980,Graduation,Married,15072.0,2,0,2013-05-10,96,8,44
7848,1974,Graduation,Single,49166.0,0,1,2013-06-13,17,224,50
9477,1954,PhD,Married,65324.0,0,1,2014-01-11,0,384,70
4856,1957,2n Cycle,Married,82347.0,0,0,2012-11-06,38,556,67
7186,1966,PhD,Together,30843.0,1,1,2014-05-26,43,24,58
5794,1974,PhD,Married,46374.0,0,1,2014-03-17,1,408,50
1456,1979,Graduation,Single,60474.0,0,1,2013-04-01,25,265,45
4877,1973,Master,Married,38576.0,0,1,2014-03-04,2,34,51
425,1985,Graduation,Married,55357.0,2,0,2013-02-19,66,374,39
3007,1966,Graduation,Together,37758.0,1,1,2012-10-04,49,27,58
1031,1989,2n Cycle,Married,85710.0,0,0,2013-05-05,5,600,35
4297,1969,Graduation,Together,23228.0,1,0,2014-01-26,71,13,55
807,1969,Master,Together,44602.0,1,1,2014-02-15,35,167,55
9553,1987,Graduation,Married,7500.0,0,0,2013-01-09,94,0,37
4271,1989,2n Cycle,Together,38683.0,1,0,2012-10-04,80,46,35
4120,1975,2n Cycle,Single,49514.0,1,0,2013-12-17,61,88,49
2036,1973,PhD,Together,57906.0,0,1,2013-06-11,29,243,51
115,1966,Master,Single,43456.0,0,1,2013-03-26,0,275,58
4259,1986,Master,Single,19485.0,2,0,2013-09-24,80,6,38
8687,1978,Graduation,Together,53172.0,0,1,2013-05-06,54,121,46
2447,1979,Graduation,Together,30545.0,1,0,2012-10-17,71,4,45
10140,1983,PhD,Together,70123.0,0,0,2013-09-28,27,1308,41
9353,1959,Graduation,Single,62450.0,0,1,2014-01-06,61,515,65
3623,1976,Graduation,Together,21675.0,1,0,2014-06-11,55,4,48
738,1981,2n Cycle,Single,42395.0,1,1,2014-04-04,35,48,43
7631,1978,Master,Together,61346.0,1,0,2013-10-06,34,562,46
4789,1953,Graduation,Together,80812.0,0,0,2013-09-17,95,769,71
773,1971,Master,Divorced,42835.0,1,1,2013-06-30,64,379,53
10602,1983,Graduation,Married,39922.0,1,0,2013-02-14,30,29,41
1446,1956,Master,Single,86424.0,0,0,2014-04-05,12,387,68
3270,1978,2n Cycle,Together,17117.0,1,0,2013-01-17,96,12,46
8443,1972,Graduation,Single,24762.0,1,0,2014-02-10,16,6,52
9653,1975,Graduation,Married,35797.0,0,1,2012-10-16,16,27,49
8916,1975,Graduation,Divorced,36627.0,2,0,2013-07-23,78,9,49
8017,1981,2n Cycle,Married,51111.0,1,1,2014-06-19,83,22,43
5830,1972,PhD,Single,86857.0,0,0,2012-09-12,96,899,52
4597,1970,PhD,Together,82072.0,0,0,2013-07-02,67,889,54
7023,1953,PhD,Single,46231.0,2,1,2012-11-26,87,189,71
8086,1959,Graduation,Married,42243.0,1,1,2013-12-11,34,48,65
8825,1962,Graduation,Together,51195.0,1,1,2013-04-01,46,230,62
2930,1978,Master,Single,68092.0,0,0,2013-12-16,7,852,46
1928,1973,Graduation,Married,31814.0,1,0,2013-02-09,73,35,51
7108,1965,Master,Widow,51390.0,1,1,2012-09-08,54,205,59
10925,1983,Graduation,Married,76630.0,0,0,2014-01-14,93,255,41
9960,1991,Basic,Single,26868.0,1,0,2014-04-30,52,0,33
8800,1943,PhD,Divorced,48948.0,0,0,2013-02-01,53,437,81
9224,1972,PhD,Single,55260.0,0,1,2012-12-12,81,825,52
5519,1956,Graduation,Together,64090.0,0,1,2013-08-07,8,316,68
5046,1958,Graduation,Divorced,78331.0,0,1,2014-01-23,97,756,66
7037,1974,PhD,Married,37087.0,1,0,2013-08-11,50,194,50
905,1986,Graduation,Divorced,21846.0,1,0,2013-10-22,38,7,38
8624,1958,Graduation,Married,81320.0,0,0,2013-02-06,61,183,66
8945,1970,Graduation,Divorced,54137.0,0,1,2013-08-16,46,171,54
6445,1967,Graduation,Together,66825.0,0,0,2013-07-14,73,243,57
2727,1973,Graduation,Together,57100.0,0,0,2013-12-04,19,181,51
6404,1969,Graduation,Together,58917.0,1,2,2013-03-24,10,151,55
11074,1977,Graduation,Single,85072.0,0,0,2014-04-09,94,494,47
10150,1961,Graduation,Single,86429.0,0,0,2013-11-21,10,464,63
1968,1971,Graduation,Widow,45684.0,1,0,2013-12-02,37,5,53
6534,1974,Graduation,Together,47889.0,1,0,2014-01-04,94,29,50
9485,1986,PhD,Married,45921.0,0,0,2014-03-10,23,102,38
7053,1966,PhD,Single,78420.0,0,0,2013-06-29,75,604,58
4654,1992,Graduation,Together,75114.0,0,0,2013-11-07,40,571,32
9760,1963,PhD,Widow,52278.0,0,1,2013-01-25,24,953,61
1048,1972,Master,Married,35641.0,1,0,2013-07-14,11,63,52
10619,1994,Graduation,Single,95529.0,0,0,2012-12-03,29,770,30
9308,1954,Graduation,Married,62820.0,0,0,2013-05-11,51,398,70
10505,1960,Master,Together,73113.0,0,0,2013-12-26,86,741,64
8362,1982,PhD,Married,84169.0,0,0,2013-08-07,9,1478,42
2625,1954,2n Cycle,Single,42607.0,0,1,2013-11-17,30,156,70
4637,1954,PhD,Single,74637.0,0,0,2013-05-18,73,960,70
9972,1955,PhD,Together,46015.0,1,1,2014-04-13,25,38,69
4483,1993,Graduation,Single,72354.0,0,0,2013-04-17,67,315,31
4487,1969,Master,Single,39858.0,1,0,2013-01-24,67,15,55
4988,1948,PhD,Married,34469.0,1,1,2014-05-04,58,19,76
8931,1986,Graduation,Together,83033.0,1,0,2014-05-18,82,812,38
5871,1979,Master,Together,24401.0,0,0,2012-08-31,98,73,45
2008,1978,Graduation,Married,77583.0,0,0,2014-02-10,93,372,46
3139,1982,2n Cycle,Single,74116.0,0,0,2013-12-30,53,871,42
10037,1993,Graduation,Single,74293.0,0,0,2014-05-04,66,375,31
10673,1976,PhD,Married,68397.0,0,1,2013-11-17,6,760,48
5303,1974,PhD,Together,79632.0,0,0,2014-04-08,42,471,50
538,1989,Graduation,Single,46107.0,1,0,2014-02-10,78,31,35
7922,1951,PhD,Single,64950.0,0,1,2012-08-12,29,819,73
5692,1989,Basic,Married,25443.0,1,0,2012-12-22,82,1,35
4843,1952,Graduation,Single,75127.0,0,0,2014-05-22,92,203,72
6383,1971,PhD,Together,32892.0,1,0,2014-05-25,78,26,53
1628,1971,Graduation,Together,71796.0,0,0,2013-10-24,54,354,53
1204,1970,PhD,Married,67536.0,0,1,2013-05-22,45,1253,54
3673,1971,Graduation,Single,55239.0,0,1,2013-07-14,59,371,53
760,1975,PhD,Divorced,60554.0,1,0,2013-08-09,8,588,49
8957,1952,2n Cycle,Single,64831.0,1,1,2013-06-10,51,480,72
4128,1962,PhD,Together,56067.0,0,1,2013-07-20,51,517,62
6810,1983,Graduation,Divorced,82025.0,0,0,2013-05-28,76,267,41
5386,1953,Graduation,Together,94384.0,0,0,2013-03-04,62,1111,71
8700,1986,Basic,Single,14906.0,0,0,2012-12-22,86,7,38
3202,1987,PhD,Married,51563.0,0,0,2012-10-01,60,1166,37
1328,1982,2n Cycle,Married,57937.0,0,1,2014-02-16,56,261,42
8405,1979,Graduation,Divorced,68274.0,1,1,2013-09-30,83,135,45
6515,1977,Graduation,Together,39771.0,1,0,2013-12-06,92,6,47
2882,1975,2n Cycle,Divorced,67893.0,0,1,2012-10-01,31,711,49
7574,1979,PhD,Together,27922.0,1,0,2014-05-10,80,11,45
6387,1976,PhD,Together,52190.0,1,1,2014-05-08,39,42,48
5320,1973,Master,Divorced,44051.0,1,1,2013-01-29,20,79,51
5048,1971,PhD,Single,42767.0,2,0,2013-05-11,53,20,53
8146,1976,Master,Together,46106.0,1,1,2014-05-11,84,30,48
10031,1976,PhD,Married,16927.0,1,1,2013-02-10,50,20,48
5748,1965,Graduation,Married,59754.0,0,1,2012-12-01,96,115,59
2134,1952,Graduation,Single,53700.0,0,1,2012-08-17,94,263,72
1523,1973,Graduation,Married,59041.0,1,1,2014-05-07,25,69,51
9665,1957,PhD,Divorced,54237.0,0,1,2013-04-27,48,267,67
4640,1967,Graduation,Divorced,70647.0,0,1,2012-09-21,65,561,57
3635,1962,PhD,Single,52597.0,0,1,2014-05-07,69,492,62
3547,1969,Master,Together,41021.0,1,0,2012-12-30,12,14,55
2456,1975,PhD,Married,40233.0,0,1,2013-10-14,84,80,49
5633,1980,Graduation,Married,50183.0,1,1,2014-06-25,47,97,44
7801,1959,Graduation,Together,54753.0,0,1,2013-09-12,87,197,65
10489,1973,Graduation,Married,92955.0,0,0,2013-08-19,35,693,51
7011,1973,Graduation,Married,33471.0,1,0,2012-10-12,47,43,51
2620,1974,PhD,Married,34596.0,1,0,2013-04-13,48,14,50
3933,1980,Graduation,Together,44010.0,1,0,2012-10-13,46,186,44
10981,1988,Graduation,Married,84219.0,0,0,2014-02-02,27,434,36
1734,1968,PhD,Together,40706.0,2,1,2013-01-17,37,59,56
10995,1988,2n Cycle,Married,15716.0,1,0,2012-11-12,8,16,36
6357,1959,2n Cycle,Divorced,59052.0,0,1,2013-11-17,29,230,65
9209,1971,Master,Together,80573.0,0,0,2012-10-14,85,829,53
10286,1962,Graduation,Married,83715.0,0,0,2014-02-03,2,318,62
2611,1959,Master,Together,82576.0,0,0,2012-08-01,66,1206,65
1600,1965,Master,Married,56962.0,2,1,2013-10-11,60,292,59
3308,1952,Graduation,Married,35704.0,1,1,2014-01-03,54,30,72
5407,1954,Graduation,Together,53103.0,0,1,2013-09-12,70,729,70
2166,1960,2n Cycle,Widow,46779.0,1,1,2013-07-12,55,12,64
3955,1965,Graduation,Divorced,4861.0,0,0,2014-06-22,20,2,59
6634,1979,Master,Divorced,33462.0,1,0,2013-08-07,78,22,45
3056,1978,Graduation,Divorced,63693.0,0,1,2013-10-14,63,587,46
5718,1950,Graduation,Married,80763.0,0,0,2013-08-15,17,674,74
6872,1974,PhD,Married,65352.0,0,1,2013-08-21,43,284,50
8164,1978,PhD,Married,82170.0,0,0,2013-11-25,13,1023,46
4580,1969,Graduation,Married,75759.0,0,0,2013-10-25,46,1394,55
9305,1976,2n Cycle,Single,79689.0,0,0,2013-05-12,65,311,48
453,1956,PhD,Widow,35340.0,1,1,2014-06-29,1,27,68
8545,1954,Graduation,Divorced,85683.0,0,0,2014-03-21,6,1296,70
9850,1972,2n Cycle,Married,24884.0,1,0,2012-11-29,32,3,52
7378,1981,Master,Together,42021.0,1,0,2012-08-31,34,393,43
7646,1989,Graduation,Single,64449.0,1,0,2014-02-18,70,218,35
1640,1954,Graduation,Divorced,64587.0,1,1,2014-06-22,49,66,70
5184,1995,Graduation,Single,34824.0,0,0,2014-03-26,65,4,29
8492,1978,Graduation,Together,75437.0,0,0,2013-11-09,25,795,46
11188,1957,Graduation,Together,26091.0,1,1,2014-02-25,84,15,67
1212,1973,Graduation,Married,52845.0,1,0,2013-08-13,7,384,51
9097,1956,Graduation,Divorced,46086.0,0,1,2013-11-03,34,244,68
10473,1956,PhD,Widow,78028.0,0,1,2012-09-10,38,158,68
7962,1987,PhD,Single,95169.0,0,0,2013-10-09,1,1285,37
9984,1981,2n Cycle,Married,56337.0,1,1,2013-03-27,25,349,43
5527,1987,Graduation,Together,22434.0,1,0,2013-02-13,25,4,37
6374,1954,PhD,Married,36930.0,0,1,2013-05-17,50,223,70
7453,1954,Graduation,Single,36130.0,0,1,2013-02-02,46,157,70
8952,1953,Master,Married,65569.0,0,1,2012-11-05,96,397,71
241,1952,Graduation,Together,83844.0,0,0,2013-05-12,57,901,72
8975,1968,Graduation,Married,19514.0,1,1,2014-01-26,47,14,56
6119,1963,PhD,Single,36736.0,1,1,2013-05-10,52,10,61
5236,1979,Graduation,Together,77568.0,0,1,2012-08-25,30,1230,45
5723,1976,PhD,Together,49187.0,0,1,2014-01-11,63,81,48
1710,1978,Graduation,Single,30168.0,1,0,2013-03-07,51,154,46
1970,1968,Master,Together,34053.0,0,1,2012-09-10,14,63,56
5313,1971,Master,Married,38196.0,1,1,2014-04-18,20,30,53
10634,1951,Master,Married,59412.0,0,0,2014-04-19,56,90,73
7010,1965,2n Cycle,Married,70924.0,0,0,2014-04-07,41,635,59
8562,1969,Graduation,Together,54165.0,0,0,2013-05-28,72,127,55
3158,1973,Graduation,Married,32300.0,1,0,2013-01-03,1,13,51
4436,1976,Graduation,Single,20180.0,0,0,2013-02-20,27,18,48
5287,1973,Graduation,Married,34961.0,1,0,2014-06-19,77,45,51
2445,1974,PhD,Together,28440.0,1,0,2013-07-07,87,38,50
6059,1953,PhD,Together,64504.0,1,2,2013-03-04,81,986,71
4550,1966,Master,Together,33564.0,0,1,2014-06-24,51,61,58
4240,1978,Graduation,Married,17345.0,1,0,2012-11-03,79,4,46
8911,1967,PhD,Married,56320.0,0,1,2013-04-08,11,201,57
3706,1978,Graduation,Single,28647.0,1,0,2013-08-21,54,19,46
3628,1987,Basic,Single,15038.0,1,0,2013-01-29,93,4,37
10175,1958,PhD,Divorced,32173.0,0,1,2013-08-01,0,18,66
8985,1964,2n Cycle,Together,68316.0,0,1,2012-11-04,54,806,60
5204,1971,Graduation,Together,74538.0,0,0,2013-06-29,21,380,53
9220,1971,Graduation,Single,91700.0,0,0,2013-01-17,58,576,53
9888,1969,Graduation,Together,68695.0,0,0,2014-06-25,3,458,55
5263,1977,2n Cycle,Married,31056.0,1,0,2013-01-22,99,5,47
1020,1973,Graduation,Married,79593.0,0,0,2014-05-12,70,350,51
9503,1980,Graduation,Single,28071.0,0,0,2012-08-29,65,39,44
10613,1958,PhD,Together,37334.0,1,1,2014-02-26,44,26,66
67,1972,Master,Single,46423.0,1,1,2013-09-18,6,68,52
6019,1971,PhD,Married,37126.0,1,0,2014-03-30,9,45,53
5863,1953,Graduation,Married,47703.0,0,1,2013-05-29,95,359,71
3717,1959,Graduation,Married,61180.0,0,1,2014-04-23,70,403,65
6730,1954,Graduation,Married,38998.0,1,1,2012-11-03,92,34,70
10749,1991,Graduation,Single,8028.0,0,0,2012-09-18,62,73,33
4998,1962,Graduation,Together,76081.0,0,0,2014-05-23,85,292,62
6287,1986,Graduation,Together,34728.0,1,0,2013-07-30,2,14,38
5985,1965,Master,Single,33168.0,0,1,2012-10-13,0,80,59
4754,1966,Master,Married,33585.0,0,1,2013-09-25,91,30,58
4002,1960,PhD,Married,77037.0,0,1,2013-10-13,3,463,64
8870,1984,Graduation,Together,35196.0,1,0,2012-11-13,68,75,40
966,1966,Graduation,Married,44529.0,0,1,2013-07-05,98,538,58
4767,1965,2n Cycle,Married,70924.0,0,0,2014-04-07,41,635,59
9725,1966,PhD,Together,28764.0,1,1,2014-06-05,16,8,58
4475,1949,PhD,Married,69098.0,0,0,2013-02-16,82,1315,75
5740,1970,2n Cycle,Divorced,25959.0,1,1,2013-02-14,1,4,54
5731,1983,Master,Married,27100.0,1,0,2013-04-05,64,12,41
7290,1985,Graduation,Single,70596.0,0,0,2012-10-05,68,347,39
3846,1974,Graduation,Married,42557.0,0,1,2012-08-29,98,192,50
8104,1951,PhD,Married,53312.0,0,0,2013-08-09,32,241,73
4507,1952,Graduation,Single,72228.0,0,0,2012-11-27,87,631,72
11013,1987,Graduation,Together,67605.0,0,0,2013-03-31,84,336,37
4491,1949,Master,Married,62845.0,1,1,2012-10-01,3,1099,75
3759,1958,Graduation,Together,65196.0,0,2,2013-07-25,34,743,66
1162,1987,PhD,Single,42000.0,0,0,2013-01-10,23,124,37
2055,1973,PhD,Divorced,35860.0,1,1,2014-05-19,37,15,51
10766,1964,PhD,Married,65526.0,0,1,2014-04-11,22,397,60
4415,1961,Graduation,Married,16860.0,1,1,2012-09-12,19,10,63
3005,1992,Graduation,Single,83528.0,0,0,2014-05-01,7,530,32
2223,1965,2n Cycle,Divorced,64176.0,0,1,2012-08-03,52,1215,59
4817,1956,Graduation,Divorced,22304.0,0,0,2012-08-04,91,3,68
2875,1978,Graduation,Married,67023.0,0,0,2014-03-04,93,444,46
10536,1971,PhD,Together,32892.0,1,0,2014-05-25,78,26,53
11112,1966,Graduation,Together,70713.0,0,1,2012-12-03,23,736,58
3807,1955,Graduation,Together,59925.0,0,1,2012-11-30,83,473,69
9197,1953,Graduation,Married,39722.0,0,1,2014-02-24,92,32,71
10832,1958,Graduation,Together,46610.0,0,0,2013-07-18,4,288,66
6421,1961,Graduation,Together,88347.0,0,0,2013-07-03,32,1050,63
4207,1981,PhD,Married,87171.0,0,0,2013-05-01,27,1001,43
577,1976,2n Cycle,Together,26907.0,1,1,2013-08-20,10,9,48
10855,1968,Master,Single,50014.0,1,0,2014-01-22,9,234,56
3081,1978,PhD,Married,41014.0,1,0,2013-04-22,65,7,46
3535,1965,Graduation,Single,66294.0,0,0,2014-03-17,68,251,59
247,1971,Graduation,Married,36715.0,1,0,2012-11-17,16,172,53
8707,1956,Graduation,Married,79456.0,0,0,2012-08-22,12,565,68
9523,1982,Graduation,Together,40479.0,1,0,2013-08-17,95,5,42
6072,1970,Master,Single,75345.0,0,0,2013-02-02,16,918,54
6295,1977,Graduation,Married,54233.0,0,1,2013-02-04,46,652,47
10914,1970,Graduation,Single,24163.0,1,1,2013-10-12,3,4,54
1509,1958,PhD,Together,84460.0,0,0,2013-01-04,80,152,66
5577,1983,Graduation,Together,43776.0,1,0,2014-05-03,77,8,41
7348,1958,PhD,Single,71691.0,0,0,2014-03-17,0,336,66
1127,1973,PhD,Married,85844.0,0,0,2014-05-29,62,938,51
1833,1974,PhD,Single,39190.0,1,0,2014-04-26,91,68,50
4944,1959,Graduation,Together,71367.0,0,0,2013-08-23,24,227,65
9080,1972,PhD,Single,38578.0,1,1,2013-06-22,2,38,52
6466,1965,PhD,Married,57236.0,1,1,2014-03-12,22,105,59
9964,1979,Graduation,Single,61825.0,0,1,2013-08-07,56,162,45
4790,1958,Graduation,Divorced,79803.0,0,1,2014-06-02,54,574,66
10245,1986,2n Cycle,Single,80910.0,0,0,2012-10-31,71,160,38
1109,1982,Master,Together,27590.0,1,0,2013-04-23,38,6,42
6001,1979,Graduation,Married,56775.0,0,1,2013-01-02,62,614,45
5538,1975,Graduation,Divorced,83829.0,0,0,2013-10-08,78,897,49
10552,1979,2n Cycle,Married,54210.0,0,1,2013-05-20,18,70,45
1545,1986,Graduation,Married,38508.0,1,0,2013-08-02,95,120,38
7409,1970,Graduation,Together,53187.0,1,0,2013-10-26,66,211,54
4444,1972,Graduation,Married,30023.0,1,0,2014-03-24,28,11,52
146,1960,PhD,Single,76045.0,0,0,2013-11-15,78,760,64
6271,1952,PhD,Married,50870.0,0,1,2014-06-19,13,53,72
10065,1970,2n Cycle,Married,15315.0,0,0,2013-08-03,27,7,54
4741,1974,2n Cycle,Married,65463.0,1,0,2014-01-30,17,391,50
246,1965,Graduation,Married,66480.0,1,1,2014-05-31,71,199,59
375,1954,Graduation,Divorced,76773.0,0,0,2013-02-25,79,516,70
1524,1983,2n Cycle,Single,81698.0,0,0,2013-03-01,1,709,41
10022,1973,PhD,Single,54466.0,1,1,2014-02-09,78,12,51
7451,1960,Master,Single,98777.0,0,0,2014-02-17,23,1000,64
11010,1984,PhD,Single,16269.0,1,0,2013-08-30,75,19,40
4356,1971,Graduation,Together,71819.0,0,1,2013-08-28,70,1224,53
3885,1983,PhD,Married,33569.0,1,0,2013-10-16,10,16,41
1175,1983,Master,Married,36262.0,0,0,2013-09-20,24,88,41
880,1966,Basic,Together,22634.0,0,0,2013-01-16,47,2,58
2320,1978,2n Cycle,Married,47025.0,0,1,2013-09-12,98,508,46
850,1968,Graduation,Single,70566.0,0,1,2013-10-06,4,381,56
4713,1979,PhD,Married,31605.0,1,0,2012-11-22,15,74,45
675,1973,Master,Divorced,52034.0,1,1,2013-05-17,67,146,51
5025,1979,Graduation,Single,48526.0,1,0,2013-12-24,32,23,45
2308,1954,Graduation,Married,46734.0,0,1,2012-11-18,40,110,70
5995,1962,Graduation,Divorced,39552.0,1,1,2012-12-18,54,165,62
6749,1966,Graduation,Single,86358.0,1,1,2012-08-08,78,957,58
1010,1977,Graduation,Together,46931.0,2,1,2014-04-24,94,41,47
8977,1985,Basic,Single,16581.0,0,0,2013-01-12,51,1,39
4756,1952,2n Cycle,Divorced,63998.0,0,0,2013-12-20,42,176,72
3412,1951,Master,Married,67381.0,0,1,2013-01-15,67,815,73
606,1967,Graduation,Single,25930.0,1,1,2013-10-10,87,6,57
5961,1978,Graduation,Married,42693.0,1,0,2014-06-07,29,8,46
2975,1976,Graduation,Together,85606.0,0,1,2012-11-12,89,717,48
2894,1985,Graduation,Single,72903.0,0,0,2013-10-29,74,1067,39
7613,1974,2n Cycle,Together,49669.0,1,0,2014-05-24,97,166,50
10542,1968,PhD,Married,36778.0,1,1,2012-08-05,63,29,56
8015,1962,PhD,Divorced,85696.0,0,0,2013-05-03,88,714,62
10617,1989,Master,Divorced,10979.0,0,0,2014-05-22,34,8,35
11166,1961,Graduation,Married,49678.0,0,1,2013-02-02,81,229,63
849,1953,Master,Together,56129.0,0,1,2013-06-20,65,320,71
523,1989,Graduation,Married,37155.0,1,0,2013-01-31,51,23,35
4066,1978,2n Cycle,Divorced,21282.0,1,0,2014-05-11,76,1,46
8414,1962,PhD,Single,33419.0,0,1,2013-08-17,76,56,62
819,1945,Graduation,Widow,63285.0,0,0,2013-11-05,84,508,79
4961,1974,Master,Together,21255.0,1,0,2014-01-21,56,29,50
749,1981,Graduation,Together,42162.0,1,0,2013-11-19,31,46,43
5430,1956,Graduation,Together,54450.0,1,1,2012-09-14,0,454,68
7755,1954,PhD,Married,57744.0,0,1,2013-11-12,91,350,70
10525,1986,Graduation,Single,26576.0,1,0,2012-10-13,40,10,38
1453,1943,PhD,Widow,57513.0,0,0,2013-07-06,59,735,81
8310,1964,Graduation,Together,68142.0,0,1,2012-08-29,96,897,60
10710,1979,Graduation,Married,7500.0,0,1,2012-08-29,61,5,45
5031,1974,Graduation,Together,83145.0,0,0,2012-09-22,14,777,50
2613,1960,Master,Married,54197.0,0,1,2014-04-03,16,162,64
213,1963,PhD,Single,23091.0,1,1,2014-05-28,98,35,61
967,1976,Graduation,Married,46049.0,1,1,2013-07-21,11,342,48
1077,1974,Graduation,Together,56715.0,0,0,2012-12-05,52,258,50
7959,1961,Graduation,Married,79410.0,0,0,2014-05-29,19,658,63
640,1951,Graduation,Married,57304.0,0,1,2013-03-11,61,356,73
4252,1965,Graduation,Married,44375.0,0,1,2014-03-23,73,213,59
8432,1956,Graduation,Together,54450.0,1,1,2012-09-14,0,454,68
6218,1965,Graduation,Married,59594.0,0,1,2012-10-20,74,457,59
6905,1994,Graduation,Together,80685.0,0,0,2012-08-22,55,241,30
5922,1974,PhD,Married,40344.0,0,1,2013-10-13,48,210,50
3598,1972,Graduation,Married,62710.0,0,1,2013-05-23,53,441,52
6116,1968,2n Cycle,Married,48985.0,0,1,2013-07-05,13,19,56
6263,1968,Graduation,Together,35322.0,1,2,2012-08-22,34,28,56
10486,1948,Graduation,Married,77142.0,0,0,2013-05-29,54,476,76
2410,1969,Graduation,Single,81657.0,0,0,2014-01-22,69,364,55
193,1996,Basic,Married,14421.0,0,0,2014-02-17,81,0,28
3363,1974,2n Cycle,Married,20130.0,0,0,2014-03-17,99,0,50
8278,1990,PhD,Married,74214.0,0,0,2012-08-26,3,863,34
10660,1957,Master,Married,66726.0,1,1,2014-01-12,61,349,67
8686,1979,Basic,Together,23724.0,1,0,2013-01-08,65,5,45
1604,1960,Master,Married,47353.0,0,1,2013-11-13,93,184,64
5907,1952,Master,Married,33444.0,1,1,2012-11-03,24,8,72
10669,1981,Graduation,Married,54386.0,0,1,2013-05-17,8,277,43
2918,1981,Graduation,Divorced,28510.0,1,1,2013-04-13,72,44,43
5735,1991,Master,Single,90638.0,0,0,2014-02-13,29,1156,33
359,1950,Graduation,Together,48070.0,0,1,2013-01-13,33,373,74
8387,1957,Graduation,Married,43140.0,0,1,2013-01-05,68,134,67
1829,1961,PhD,Divorced,54959.0,0,1,2013-01-19,55,1148,63
3839,1958,Basic,Single,15056.0,1,1,2013-05-03,76,6,66
9392,1971,Graduation,Single,26954.0,1,0,2014-05-08,17,4,53
2292,1985,Graduation,Single,22327.0,1,0,2013-08-02,94,5,39
10466,1965,Graduation,Married,44393.0,1,1,2013-08-22,86,24,59
9855,1952,PhD,Single,62000.0,0,1,2013-08-25,25,899,72
4088,1962,PhD,Together,31497.0,0,1,2012-12-06,22,108,62
5231,1974,2n Cycle,Married,45894.0,0,2,2014-02-27,15,27,50
590,1970,Master,Divorced,78579.0,0,0,2012-12-22,35,816,54
8732,1969,Master,Widow,67369.0,0,1,2012-11-17,81,1298,55
2315,1960,Graduation,Divorced,58401.0,0,1,2014-04-20,55,10,64
3515,1952,Graduation,Single,62307.0,0,1,2014-02-17,94,87,72
2245,1969,Master,Married,43641.0,1,1,2013-04-22,50,57,55
6283,1968,Master,Divorced,63841.0,0,1,2013-04-21,64,635,56
2246,1965,2n Cycle,Married,46891.0,0,1,2013-09-01,91,43,59
6606,1969,Master,Married,70091.0,1,0,2013-03-31,11,964,55
5545,1972,PhD,Married,78075.0,0,0,2014-04-05,72,572,52
7342,1961,2n Cycle,Widow,59184.0,0,1,2012-09-09,6,341,63
837,1977,Graduation,Married,54809.0,1,1,2013-09-11,0,63,47
9500,1959,Graduation,Married,58113.0,0,1,2013-01-25,66,221,65
3602,1958,Master,Married,51412.0,0,1,2013-12-31,42,140,66
234,1979,Graduation,Divorced,15287.0,1,0,2012-10-10,60,1,45
2995,1957,Master,Together,66636.0,0,0,2013-08-17,64,291,67
1118,1956,Master,Married,50965.0,0,1,2013-02-20,87,544,68
7789,1965,PhD,Married,84618.0,0,0,2013-11-22,96,684,59
3068,1990,Graduation,Married,18351.0,0,0,2013-10-29,1,1,34
8955,1957,PhD,Together,40451.0,0,2,2014-02-16,54,35,67
945,1965,Graduation,Together,36317.0,0,1,2013-05-22,53,87,59
5644,1957,Graduation,Together,42213.0,0,1,2013-10-12,96,309,67
7192,1955,Graduation,Together,65748.0,0,1,2013-04-15,58,172,69
2324,1972,Graduation,Together,77044.0,0,1,2013-10-27,12,625,52
697,1969,Graduation,Together,74918.0,0,0,2013-03-12,78,972,55
3439,1972,Graduation,Married,56721.0,1,1,2012-10-31,64,157,52
1506,1975,Graduation,Single,42160.0,1,1,2013-06-28,26,48,49
232,1965,Graduation,Single,61559.0,0,1,2013-07-17,8,279,59
8876,1963,PhD,Together,33629.0,1,1,2012-08-08,49,132,61
4500,1991,PhD,Together,68682.0,0,0,2013-10-06,56,919,33
9739,1963,Graduation,Single,34377.0,0,1,2013-01-19,55,62,61
10395,1986,Basic,Single,8940.0,1,0,2012-08-22,25,1,38
1176,1973,Graduation,Married,26228.0,1,0,2013-09-22,50,2,51
1627,1957,2n Cycle,Divorced,77297.0,0,0,2013-01-26,84,408,67
938,1981,Graduation,Married,40211.0,1,1,2013-07-30,30,51,43
2740,1958,PhD,Widow,33438.0,1,1,2013-09-22,81,62,66
257,1959,PhD,Married,75032.0,0,1,2013-04-28,74,952,65
4058,1955,PhD,Single,61284.0,0,0,2013-10-12,76,618,69
7736,1986,Graduation,Married,22518.0,1,0,2012-10-22,36,11,38
8210,1975,Master,Married,54730.0,0,1,2013-08-15,64,318,49
833,1955,Master,Married,38452.0,1,1,2014-03-30,62,56,69
6230,1971,Graduation,Divorced,44421.0,1,1,2013-02-15,53,110,53
7325,1986,PhD,Together,38197.0,1,0,2013-06-29,86,23,38
1307,1978,Graduation,Divorced,41986.0,0,1,2014-02-09,15,27,46
1502,1983,Graduation,Together,28427.0,1,0,2013-03-21,67,18,41
6211,1976,PhD,Together,37395.0,1,0,2014-05-02,47,18,48
843,1971,Graduation,Married,64722.0,1,0,2014-05-26,47,303,53
4174,1956,Master,Together,55249.0,0,1,2014-04-17,81,97,68
9757,1972,Graduation,Together,84906.0,0,0,2013-10-04,98,997,52
6918,1989,Graduation,Married,28691.0,1,0,2013-07-04,56,5,35
286,1952,Graduation,Single,44213.0,1,1,2013-11-29,48,95,72
11086,1984,Basic,Single,25707.0,1,0,2014-01-18,18,1,40
1921,1967,PhD,Married,59062.0,2,1,2013-10-03,74,46,57
4138,1962,Graduation,Single,76624.0,0,1,2014-05-24,68,411,62
7718,1947,Master,Together,66000.0,0,0,2014-04-20,36,244,77
1291,1978,PhD,Together,27683.0,1,0,2012-08-04,90,152,46
6862,1971,Graduation,Divorced,1730.0,0,0,2014-05-18,65,1,53
4136,1992,Basic,Single,7500.0,1,0,2012-12-03,63,10,32
803,1968,Graduation,Together,40521.0,1,1,2013-04-05,82,12,56
4298,1973,PhD,Together,20427.0,1,0,2014-03-24,63,5,51
10833,1975,Graduation,Married,65106.0,0,1,2014-05-24,55,790,49
9606,1965,PhD,Married,69969.0,0,0,2013-08-27,64,882,59
8534,1952,Graduation,Married,67433.0,0,2,2013-07-16,51,615,72
5153,1967,PhD,Married,77766.0,0,1,2013-02-22,97,1004,57
961,1972,Graduation,Married,74716.0,0,1,2013-09-12,92,133,52
5011,1963,Graduation,Divorced,68118.0,0,1,2013-10-18,51,595,61
6653,1970,PhD,Married,55158.0,1,1,2012-07-30,72,293,54
9094,1955,2n Cycle,Married,62972.0,0,1,2012-08-03,39,313,69
810,1975,Graduation,Married,74190.0,0,1,2014-05-12,49,151,49
5493,1976,Graduation,Married,39356.0,1,1,2014-03-19,21,15,48
2147,1969,Graduation,Together,76653.0,0,0,2013-08-16,91,736,55
5107,1973,PhD,Divorced,35860.0,1,1,2014-05-19,37,15,51
3979,1983,PhD,Divorced,90687.0,0,0,2013-05-22,98,982,41
6049,1982,Master,Together,73450.0,0,0,2013-12-05,85,1142,42
8147,1960,Graduation,Married,31454.0,1,1,2013-07-06,40,28,64
1857,1952,Graduation,Single,47139.0,1,1,2014-03-06,2,46,72
3910,1975,Graduation,Divorced,83829.0,0,0,2013-10-08,78,897,49
5207,1963,PhD,Married,53378.0,1,1,2012-09-24,41,489,61
11114,1970,Graduation,Together,19656.0,1,0,2013-02-08,94,25,54
5429,1948,PhD,Married,45579.0,0,1,2013-08-20,10,145,76
9400,1958,2n Cycle,Single,85485.0,0,0,2014-06-21,73,630,66
1740,1944,Graduation,Married,55956.0,0,0,2014-04-07,22,760,80
7488,1963,Master,Single,64191.0,0,1,2013-01-22,30,420,61
195,1972,Graduation,Single,38808.0,1,0,2012-08-26,21,125,52
635,1966,Master,Married,57183.0,1,1,2013-03-19,51,464,58
7527,1968,Master,Divorced,23748.0,1,0,2012-11-21,97,6,56
10319,1971,Graduation,Married,66303.0,0,1,2013-02-26,56,1090,53
2296,1975,Master,Married,37368.0,1,0,2013-12-16,4,3,49
10637,1964,Graduation,Married,40800.0,1,2,2013-01-01,77,24,60
2931,1978,Graduation,Divorced,71847.0,0,0,2012-09-21,95,737,46
907,1975,Graduation,Married,46149.0,0,1,2013-11-29,36,254,49
3698,1983,Graduation,Together,78687.0,0,0,2012-08-09,13,817,41
9516,1971,2n Cycle,Divorced,49118.0,0,0,2012-08-18,90,620,53
679,1957,PhD,Married,37633.0,1,1,2012-09-20,49,13,67
7384,1951,Master,Together,39767.0,0,0,2013-07-21,18,113,73
5043,1951,Basic,Married,26997.0,0,0,2012-11-05,89,7,73
5267,1970,Graduation,Divorced,33986.0,1,0,2013-03-14,43,16,54
339,1972,PhD,Married,57091.0,0,1,2012-11-23,82,462,52
2516,1969,2n Cycle,Married,46831.0,1,1,2013-06-08,84,22,55
9010,1972,Master,Married,83151.0,0,0,2013-02-10,80,968,52
378,1971,Graduation,Married,52531.0,0,0,2012-12-30,68,283,53
4808,1956,Graduation,Married,15759.0,0,0,2013-09-05,12,1,68
5068,1971,Graduation,Single,22804.0,1,0,2013-07-31,75,14,53
7628,1973,2n Cycle,Married,43050.0,1,0,2014-03-18,10,30,51
7128,1977,PhD,Single,42997.0,1,1,2013-12-07,91,4,47
2811,1963,PhD,Single,48918.0,1,1,2014-04-12,21,52,61
3551,1954,Master,Together,60033.0,0,1,2014-03-29,28,62,70
1663,1978,PhD,Together,34043.0,1,0,2013-10-25,97,20,46
5543,1966,Graduation,Together,57811.0,0,1,2013-06-24,49,545,58
1577,1946,Graduation,Married,78569.0,0,0,2014-02-19,14,558,78
10641,1978,Graduation,Single,7500.0,1,1,2012-12-27,5,6,46
5336,1971,Master,Together,157733.0,1,0,2013-06-04,37,39,53
6024,1953,Graduation,Together,94384.0,0,0,2013-03-04,62,1111,71
1878,1985,2n Cycle,Married,23148.0,0,0,2014-02-18,83,4,39
3099,1970,Graduation,Divorced,44267.0,1,1,2013-02-25,48,183,54
6055,1979,Graduation,Married,71626.0,0,0,2012-11-01,94,546,45
5841,1966,Graduation,Together,60894.0,0,1,2013-06-28,61,606,58
3972,1976,Graduation,Together,50200.0,1,1,2013-04-03,70,266,48
4394,1965,PhD,Married,81051.0,0,0,2014-05-23,43,1142,59
5758,1982,Graduation,Married,65169.0,0,0,2014-01-14,23,1074,42
6658,1972,Graduation,Together,59868.0,0,1,2013-07-22,37,771,52
4603,1960,PhD,Married,65695.0,0,1,2014-01-31,50,371,64
8427,1956,Master,Single,64857.0,0,0,2012-11-23,78,556,68
10260,1965,Master,Together,45143.0,0,1,2013-08-26,74,202,59
7143,1955,2n Cycle,Together,74805.0,0,1,2013-11-06,14,209,69
8789,1989,2n Cycle,Married,59060.0,1,0,2014-01-11,77,35,35
6197,1962,PhD,Single,27238.0,1,1,2013-04-20,39,37,62
4554,1965,Graduation,Together,47009.0,0,1,2013-10-01,89,171,59
4937,1973,2n Cycle,Married,46094.0,1,1,2014-06-10,62,12,51
1920,1972,Graduation,Married,40321.0,1,1,2013-07-29,59,44,52
8749,1984,Graduation,Together,37235.0,1,0,2014-02-01,68,20,40
1650,1960,Master,Married,81843.0,0,0,2013-04-22,13,779,64
10377,1958,Master,Together,46692.0,0,1,2013-06-06,37,170,66
9206,1968,Graduation,Together,77382.0,0,1,2014-01-07,36,491,56
10971,1977,Graduation,Single,37774.0,2,0,2012-09-03,28,173,47
6398,1974,Basic,Married,18393.0,1,0,2014-03-29,2,7,50
9212,1962,Master,Married,72828.0,0,1,2013-02-14,17,1205,62
7937,1982,Graduation,Married,24711.0,0,0,2014-04-18,86,10,42
839,1975,PhD,Married,45503.0,1,0,2013-09-25,54,97,49
4246,1982,Master,Single,6560.0,0,0,2013-12-12,2,67,42
158,1945,PhD,Together,71604.0,0,0,2013-11-17,3,345,79
4832,1979,Graduation,Married,27244.0,1,0,2014-03-07,84,6,45
5621,1969,Graduation,Married,48752.0,1,1,2012-12-12,8,73,55
1945,1962,Graduation,Married,71434.0,0,1,2013-09-18,4,711,62
5147,1948,Graduation,Single,90842.0,0,0,2013-07-29,57,774,76
2535,1978,Master,Married,88097.0,1,0,2012-08-18,24,163,46
11039,1975,Graduation,Married,51948.0,0,1,2013-09-17,51,82,49
9495,1982,Graduation,Together,71853.0,0,0,2013-05-08,29,358,42
9635,1983,Master,Married,35876.0,0,0,2014-04-20,13,66,41
2173,1952,Graduation,Widow,40049.0,0,1,2013-10-16,23,13,72
942,1982,Graduation,Single,39660.0,1,0,2012-08-08,36,139,42
9386,1962,Graduation,Together,50127.0,0,1,2014-05-29,88,274,62
5510,1977,Master,Married,43263.0,0,1,2012-11-21,2,262,47
873,1949,Master,Married,62845.0,1,1,2012-10-01,3,1099,75
2253,1990,Graduation,Married,18929.0,0,0,2013-02-16,15,32,34
5181,1982,Basic,Single,24367.0,1,0,2013-03-20,58,2,42
979,1975,Graduation,Single,33249.0,1,0,2013-02-20,11,6,49
10390,1959,2n Cycle,Married,26887.0,0,1,2013-02-10,27,6,65
4698,1983,PhD,Married,50150.0,0,0,2013-06-20,32,135,41
7793,1976,Graduation,Together,62061.0,0,1,2013-08-31,12,641,48
1745,1962,PhD,Divorced,85696.0,0,0,2013-05-03,88,714,62
10590,1956,PhD,Together,76542.0,0,0,2013-03-30,91,794,68
5080,1993,Graduation,Single,70515.0,0,0,2013-10-21,12,420,31
8369,1987,Graduation,Together,18227.0,1,0,2012-11-08,21,1,37
5232,1965,Graduation,Married,69139.0,0,1,2014-01-27,23,86,59
2407,1982,Graduation,Married,69109.0,0,0,2012-11-09,10,823,42
3834,1962,Graduation,Single,69627.0,0,1,2013-03-17,35,231,62
7912,1978,Graduation,Married,38136.0,1,0,2013-04-22,69,8,46
7712,1946,PhD,Single,62159.0,0,0,2014-04-28,68,182,78
1065,1963,Graduation,Single,80695.0,0,0,2013-12-29,85,557,61
7275,1971,Master,Single,33316.0,1,1,2013-10-04,34,79,53
1343,1968,Graduation,Together,58554.0,1,1,2012-09-26,55,368,56
1384,1992,Basic,Married,17256.0,1,0,2013-11-23,10,6,32
9967,1974,Graduation,Divorced,53034.0,1,1,2013-05-30,30,160,50
6181,1950,2n Cycle,Together,52203.0,0,0,2012-07-31,36,488,74
10507,1977,2n Cycle,Divorced,59601.0,0,1,2013-07-25,14,691,47
2674,1958,Master,Single,75154.0,0,1,2012-09-04,79,543,66
2698,1976,Graduation,Single,47025.0,0,1,2013-11-07,52,254,48
3231,1973,Graduation,Married,37971.0,1,0,2013-11-25,97,5,51
4096,1968,Master,Divorced,41335.0,1,0,2013-12-26,24,112,56
10476,1958,Graduation,Married,67267.0,0,1,2014-05-13,0,134,66
5948,1975,Graduation,Single,57338.0,0,1,2014-04-29,96,143,49
9140,1960,2n Cycle,Together,50523.0,1,1,2013-12-25,89,51,64
10258,1965,Master,Single,35791.0,2,1,2013-05-06,94,27,59
5675,1960,PhD,Divorced,50611.0,0,1,2012-10-04,98,459,64
4743,1969,PhD,Married,56242.0,0,1,2013-03-03,72,689,55
8805,1960,Graduation,Single,48904.0,0,1,2012-12-02,1,283,64
1542,1975,Graduation,Single,56243.0,1,2,2013-12-30,26,347,49
6770,1985,Graduation,Married,21355.0,1,0,2013-08-20,5,5,39
8773,1971,Master,Together,57420.0,0,1,2013-06-25,22,280,53
10475,1970,Master,Together,51381.5,0,1,2013-04-01,39,187,54
10420,1955,Master,Divorced,46390.0,0,1,2014-05-05,56,95,69
7514,1956,2n Cycle,Together,54342.0,1,1,2013-07-03,74,84,68
2902,1958,Graduation,Together,51381.5,1,1,2012-09-03,87,19,66
4345,1964,2n Cycle,Single,51381.5,1,1,2014-01-12,49,5,60
793,1973,Graduation,Married,20895.0,1,0,2012-10-06,24,18,51
10909,1948,Graduation,Married,92344.0,0,0,2014-01-15,9,992,76
3769,1972,PhD,Together,51381.5,1,0,2014-03-02,17,25,52
8702,1976,2n Cycle,Together,26907.0,1,1,2013-08-20,10,9,48
4791,1980,Graduation,Together,44964.0,1,1,2012-12-16,35,19,44
2963,1979,Graduation,Together,75507.0,0,0,2014-05-02,56,709,45
8216,1972,Master,Married,53761.0,1,1,2013-10-11,7,158,52
8140,1973,Graduation,Together,22682.0,1,0,2013-10-03,51,10,51
10146,1972,PhD,Together,38887.0,1,0,2014-03-02,17,25,52
5289,1975,2n Cycle,Single,41658.0,1,1,2012-11-09,30,8,49
2587,1972,PhD,Married,29791.0,1,0,2014-05-15,21,14,52
4405,1956,Master,Married,63915.0,0,2,2013-07-30,2,622,68
8663,1974,Graduation,Divorced,39996.0,1,1,2014-05-22,85,11,50
2589,1972,Graduation,Divorced,26759.0,1,0,2014-02-07,65,25,52
3421,1968,Master,Divorced,63841.0,0,1,2013-04-21,64,635,56
10490,1969,PhD,Married,51039.0,1,1,2012-12-10,11,100,55
4094,1961,Graduation,Married,60544.0,1,1,2012-08-25,92,201,63
9958,1972,Graduation,Married,65685.0,0,1,2014-03-29,54,642,52
2534,1953,Graduation,Married,37716.0,0,1,2014-04-21,4,97,71
4188,1957,Graduation,Single,36864.0,0,1,2012-08-13,53,204,67
6613,1970,Master,Married,44511.0,1,0,2012-10-12,39,513,54
10827,1967,PhD,Married,36947.0,1,1,2012-08-07,49,88,57
5491,1951,Master,Together,47352.0,0,1,2013-04-11,70,172,73
8402,1953,Master,Married,67087.0,0,1,2013-12-17,40,329,71
8783,1950,Graduation,Married,57045.0,0,1,2012-09-08,40,296,74
10010,1953,PhD,Divorced,36957.0,1,1,2012-09-06,43,100,71
618,1977,PhD,Married,69389.0,0,1,2012-09-28,17,422,47
9121,1972,Graduation,Married,80134.0,1,0,2013-05-20,40,1218,52
361,1969,Master,Married,43142.0,1,1,2014-02-18,84,5,55
4310,1944,Graduation,Married,80589.0,0,0,2014-01-22,25,507,80
2678,1990,Graduation,Single,34412.0,1,0,2013-02-13,62,52,34
6376,1979,Graduation,Single,57537.0,1,0,2013-06-10,83,191,45
524,1966,Basic,Together,22634.0,0,0,2013-01-16,47,2,58
10341,1948,Graduation,Together,51315.0,0,0,2014-02-23,45,68,76
5654,1972,Graduation,Married,36026.0,2,1,2014-03-16,34,20,52
4098,1973,Graduation,Married,24639.0,1,1,2014-01-28,3,20,51
5824,1972,PhD,Together,34578.0,2,1,2014-04-11,1,7,52
7000,1972,2n Cycle,Single,65704.0,0,0,2013-10-13,18,279,52
2561,1966,Graduation,Single,63810.0,0,1,2012-11-11,45,977,58
5229,1969,PhD,Together,54132.0,0,1,2014-02-16,81,30,55
4086,1959,Graduation,Married,18690.0,0,0,2012-12-28,77,6,65
2428,1970,Graduation,Married,28164.0,1,0,2013-05-04,23,3,54
8254,1974,PhD,Married,34596.0,1,0,2013-04-13,48,14,50
2836,1972,PhD,Married,43269.0,1,0,2013-09-16,61,10,52
8418,1958,2n Cycle,Single,38741.0,1,1,2014-03-30,60,7,66
1362,1972,Graduation,Single,31907.0,0,0,2013-03-04,75,33,52
7152,1983,Master,Married,27100.0,1,0,2013-04-05,64,12,41
10033,1973,2n Cycle,Divorced,31163.0,1,0,2014-02-13,54,2,51
9349,1985,Graduation,Married,92533.0,0,0,2013-12-19,84,693,39
274,1973,Graduation,Single,34853.0,1,1,2013-12-23,75,9,51
3388,1967,Graduation,Divorced,70844.0,1,1,2013-10-30,16,129,57
922,1979,2n Cycle,Married,31086.0,1,1,2013-05-04,79,16,45
8588,1961,Graduation,Married,60544.0,1,1,2012-08-25,92,201,63
2518,1986,2n Cycle,Together,20491.0,0,0,2013-01-25,16,5,38
574,1964,Graduation,Married,42523.0,0,0,2014-04-23,96,14,60
3220,1983,Graduation,Married,39922.0,1,0,2013-02-14,30,29,41
5967,1952,Graduation,Together,33402.0,1,1,2013-07-18,60,26,72
1183,1949,Master,Married,36408.0,1,1,2013-09-21,11,9,75
6856,1979,Graduation,Together,21645.0,1,0,2012-09-03,75,14,45
4530,1948,Master,Widow,78427.0,0,0,2012-10-24,36,972,76
1553,1946,Graduation,Together,82657.0,0,0,2013-09-27,71,966,78
4682,1958,Graduation,Married,51876.0,0,0,2013-10-15,88,99,66
8204,1971,2n Cycle,Married,78041.0,0,0,2012-12-16,93,482,53
5221,1957,Graduation,Married,52852.0,0,1,2012-12-01,93,714,67
1232,1982,PhD,Together,70038.0,0,0,2013-10-25,54,587,42
1927,1973,2n Cycle,Together,69401.0,0,1,2014-03-23,41,399,51
5788,1972,Graduation,Together,46053.0,1,0,2013-02-17,46,56,52
6652,1965,Graduation,Married,77343.0,0,0,2014-06-09,28,227,59
6246,1953,Graduation,Single,73892.0,0,0,2013-11-13,40,703,71
5975,1967,PhD,Single,40304.0,1,0,2013-09-30,82,37,57
6875,1965,PhD,Together,32727.0,0,0,2012-08-28,38,167,59
4399,1969,Graduation,Together,68695.0,0,0,2014-06-25,3,458,55
4042,1971,Graduation,Divorced,43300.0,0,1,2012-10-13,87,91,53
2157,1972,Graduation,Together,26290.0,1,1,2013-01-12,49,15,52
10133,1970,Graduation,Single,93790.0,0,0,2014-02-12,16,1302,54
2525,1974,PhD,Married,38410.0,0,0,2012-09-14,65,153,50
8233,1950,Master,Widow,64866.0,0,1,2014-01-26,9,508,74
9483,1959,Graduation,Together,57957.0,0,1,2013-08-19,24,290,65
2945,1955,PhD,Together,46015.0,1,1,2014-04-13,25,38,69
10403,1978,Graduation,Together,16531.0,1,0,2014-06-18,43,2,46
5074,1986,Master,Married,28072.0,1,0,2013-07-08,10,30,38
10524,1963,Master,Divorced,49476.0,0,1,2013-06-20,29,386,61
4690,1953,Graduation,Married,50725.0,0,1,2013-02-13,45,443,71
7521,1952,Graduation,Together,83844.0,0,0,2013-05-12,57,901,72
7196,1950,PhD,Married,41145.0,1,1,2014-02-08,20,9,74
4406,1970,Graduation,Together,67419.0,0,1,2013-01-16,29,846,54
9672,1970,2n Cycle,Married,23162.0,1,1,2013-12-21,82,8,54
4864,1977,Graduation,Married,34380.0,1,0,2013-05-02,68,72,47
4706,1966,Graduation,Single,34704.0,0,1,2013-04-27,65,29,58
4070,1969,PhD,Married,94871.0,0,2,2012-09-01,99,169,55
25,1958,Graduation,Married,65148.0,0,1,2012-11-16,9,460,66
3697,1954,Graduation,Together,39898.0,0,1,2013-02-12,20,69,70
217,1956,Master,Single,64857.0,0,0,2012-11-23,78,556,68
4220,1970,PhD,Married,59892.0,0,1,2013-11-02,26,73,54
5286,1987,Master,Single,41020.0,0,0,2013-10-28,68,112,37
9559,1961,PhD,Married,57072.0,0,1,2014-01-24,79,944,63
2849,1979,Graduation,Single,60474.0,0,1,2013-04-01,25,265,45
7787,1960,Graduation,Together,62807.0,0,1,2012-08-31,83,526,64
3102,1981,2n Cycle,Together,19414.0,1,0,2013-10-16,32,2,43
5868,1980,Graduation,Married,19107.0,1,0,2013-08-22,49,2,44
8370,1976,2n Cycle,Together,75484.0,0,1,2012-08-02,50,378,48
9988,1976,Master,Single,70379.0,0,1,2013-03-03,84,553,48
2939,1970,Master,Together,79419.0,0,0,2014-06-22,96,751,54
5529,1946,PhD,Together,64014.0,2,1,2014-06-10,56,406,78
9743,1955,Graduation,Married,76998.0,0,1,2013-01-11,85,1449,69
5763,1972,Master,Together,49854.0,1,0,2013-11-10,63,123,52
3478,1971,PhD,Married,60585.0,1,1,2013-06-24,17,267,53
7494,1950,PhD,Divorced,42873.0,1,1,2013-01-21,11,209,74
1763,1988,Graduation,Together,87679.0,0,0,2013-07-27,62,1259,36
7250,1978,Graduation,Together,57867.0,1,0,2013-10-01,48,344,46
2005,1990,Graduation,Married,35765.0,1,0,2013-12-11,86,22,34
10770,1959,Graduation,Married,65492.0,0,0,2014-01-26,73,247,65
6885,1977,Graduation,Divorced,32952.0,1,0,2013-12-01,36,38,47
2072,1969,PhD,Together,53374.0,0,1,2012-08-16,34,896,55
9463,1959,Graduation,Together,71706.0,0,1,2012-11-13,16,931,65
6318,1988,Graduation,Married,68487.0,0,0,2013-01-13,48,758,36
4093,1975,Master,Together,53253.0,1,1,2013-02-11,61,216,49
5751,1973,2n Cycle,Divorced,31163.0,1,0,2014-02-13,54,2,51
3340,1977,Graduation,Married,42014.0,1,0,2012-08-17,56,244,47
3594,1973,Master,Married,54108.0,1,1,2012-11-05,74,539,51
3584,1955,PhD,Single,49667.0,0,0,2012-08-20,35,1181,69
3643,1974,Master,Married,63206.0,0,0,2014-03-20,65,750,50
851,1972,Master,Married,57136.0,1,1,2013-07-09,48,306,52
7706,1975,2n Cycle,Together,46772.0,0,1,2012-11-07,88,350,49
3967,1971,PhD,Married,78931.0,0,0,2013-10-25,19,331,53
10128,1958,Graduation,Together,53977.0,0,1,2013-06-08,21,620,66
486,1988,Graduation,Married,84219.0,0,0,2014-02-02,27,434,36
9,1975,Master,Single,46098.0,1,1,2012-08-18,86,57,49
9451,1965,Graduation,Married,73538.0,0,1,2012-11-25,92,811,59
9264,1986,Graduation,Married,79529.0,0,0,2014-04-27,1,423,38
3865,1977,2n Cycle,Together,20981.0,0,0,2013-04-30,14,2,47
2853,1980,Graduation,Single,51766.0,1,0,2014-03-11,74,60,44
1490,1962,Graduation,Married,55759.0,0,1,2012-11-28,84,675,62
6310,1978,Graduation,Married,33039.0,1,0,2013-09-09,4,30,46
10380,1972,Master,Married,37787.0,1,0,2013-09-20,50,40,52
3887,1970,Graduation,Single,27242.0,1,0,2012-11-11,2,3,54
4278,1983,PhD,Single,87188.0,0,0,2013-06-03,73,910,41
8643,1971,Graduation,Together,69930.0,0,0,2013-05-26,21,252,53
1998,1976,Graduation,Single,37697.0,1,0,2014-02-07,82,34,48
10795,1973,PhD,Married,37401.0,1,0,2014-05-06,14,19,51
11110,1973,Graduation,Single,3502.0,1,0,2013-04-13,56,2,51
2408,1976,Graduation,Married,58597.0,1,1,2012-11-20,20,490,48
202,1948,PhD,Widow,82032.0,0,0,2014-04-05,54,332,76
7998,1958,Graduation,Together,28087.0,1,1,2012-12-11,77,53,66
830,1987,PhD,Single,74004.0,0,0,2014-02-24,5,784,37
3536,1960,Graduation,Together,19740.0,0,1,2013-03-24,65,7,64
6050,1975,2n Cycle,Married,57036.0,0,1,2012-12-11,33,1171,49
125,1958,2n Cycle,Together,53083.0,1,1,2013-05-15,65,215,66
3463,1975,PhD,Married,69283.0,0,1,2014-06-14,41,674,49
2804,1975,Master,Single,46098.0,1,1,2012-08-18,86,57,49
3745,1988,2n Cycle,Married,23331.0,1,0,2012-09-04,92,5,36
9771,1988,2n Cycle,Single,23331.0,1,0,2012-10-05,97,104,36
451,1989,Graduation,Single,9255.0,1,0,2013-12-20,91,9,35
10530,1959,PhD,Widow,67786.0,0,0,2013-12-07,0,431,65
1079,1971,PhD,Married,71969.0,0,1,2012-10-16,59,1000,53
8920,1967,Master,Single,59235.0,1,0,2013-01-12,4,448,57
6678,1989,Graduation,Together,31928.0,1,0,2014-03-28,5,33,35
3852,1961,Master,Together,74881.0,1,1,2013-03-08,48,505,63
528,1978,Graduation,Married,65819.0,0,0,2012-11-29,99,267,46
73,1953,PhD,Single,51411.0,1,2,2013-05-26,81,14,71
5589,1964,Graduation,Divorced,51983.0,0,1,2012-08-31,95,631,60
10212,1986,Master,Together,42386.0,1,0,2013-01-13,43,65,38
6365,1987,2n Cycle,Married,30390.0,0,0,2013-09-02,5,10,37
5636,1963,Graduation,Single,30983.0,0,0,2012-11-09,50,51,61
591,1957,Graduation,Widow,66033.0,0,1,2013-01-20,76,293,67
2217,1975,2n Cycle,Married,37284.0,1,1,2013-03-29,46,11,49
2544,1951,Master,Divorced,57530.0,0,1,2013-10-12,68,50,73
7725,1965,2n Cycle,Married,76800.0,0,0,2014-03-08,33,173,59
8091,1956,Graduation,Married,63943.0,0,1,2012-09-02,50,423,68
7321,1962,Graduation,Together,76081.0,0,0,2014-05-23,85,292,62
5462,1974,Graduation,Married,67445.0,0,1,2012-08-12,63,757,50
7791,1967,Master,Married,37054.0,1,1,2013-09-15,89,12,57
955,1962,Master,Together,47175.0,1,1,2012-10-28,81,167,62
4037,1976,Graduation,Divorced,31859.0,1,0,2013-06-14,77,3,48
6642,1961,Graduation,Divorced,27215.0,2,1,2013-01-23,50,30,63
2793,1976,PhD,Divorced,70179.0,0,1,2013-07-21,10,532,48
5424,1983,Graduation,Married,39922.0,1,0,2013-02-14,30,29,41
879,1976,Master,Married,49681.0,0,2,2013-11-04,66,411,48
9530,1988,Graduation,Married,24645.0,1,0,2012-11-01,16,5,36
4828,1954,Graduation,Divorced,79865.0,0,1,2014-06-18,12,71,70
10699,1985,Graduation,Married,44322.0,1,0,2014-06-16,30,46,39
1497,1952,Graduation,Single,47958.0,0,1,2013-01-19,8,268,72
7476,1964,Master,Single,63972.0,0,1,2012-12-02,93,928,60
4390,1954,Graduation,Together,75315.0,0,1,2014-04-15,14,459,70
10478,1950,PhD,Married,55517.0,1,1,2012-09-27,53,483,74
1081,1957,PhD,Married,75283.0,1,2,2013-03-27,26,733,67
4261,1946,PhD,Single,82800.0,0,0,2012-11-24,23,1006,78
9916,1954,Graduation,Married,38998.0,1,1,2012-11-03,92,34,70
5350,1991,Master,Single,90638.0,0,0,2014-02-13,29,1156,33
8135,1986,Master,Married,27161.0,1,0,2013-10-28,41,7,38
8685,1977,Graduation,Married,42014.0,1,0,2012-08-17,56,244,47
4967,1960,PhD,Together,38201.0,0,1,2013-03-29,19,233,64
2130,1982,Graduation,Together,45203.0,2,0,2014-03-23,4,35,42
9298,1947,PhD,Together,81574.0,0,0,2014-04-28,89,1252,77
8175,1992,Graduation,Married,34935.0,0,0,2013-06-21,71,34,32
6257,1976,Master,Single,60482.0,0,1,2013-01-23,81,255,48
3790,1956,Graduation,Together,34633.0,2,1,2014-01-23,31,8,68
9952,1947,Master,Together,78093.0,0,0,2013-12-11,53,368,77
3503,1950,Graduation,Divorced,82460.0,0,0,2013-12-02,78,255,74
5223,1966,Master,Together,45903.0,0,1,2014-04-23,80,33,58
4608,1987,Graduation,Divorced,81361.0,0,0,2014-02-25,18,163,37
1626,1973,PhD,Divorced,35860.0,1,1,2014-05-19,37,15,51
4764,1952,Master,Together,40442.0,1,1,2012-08-19,52,45,72
2471,1965,Graduation,Married,61482.0,0,0,2014-06-27,39,48,59
5892,1980,Graduation,Married,34968.0,1,0,2013-04-10,11,158,44
2612,1987,Graduation,Married,75794.0,0,0,2013-12-24,33,754,37
4971,1962,PhD,Together,31497.0,0,1,2012-12-06,22,108,62
5185,1955,Graduation,Married,74268.0,0,0,2013-02-14,83,199,69
10069,1988,Basic,Together,13724.0,1,0,2012-08-31,43,2,36
2262,1965,Master,Together,45143.0,0,1,2013-08-26,74,202,59
1131,1967,PhD,Single,52569.0,0,1,2014-04-05,54,85,57
1041,1973,PhD,Single,48432.0,0,1,2012-10-18,3,322,51
24,1960,Master,Together,17144.0,1,1,2014-02-15,96,18,64
3409,1984,Graduation,Single,36108.0,1,0,2013-10-15,68,141,40
7022,1971,Graduation,Married,76445.0,1,0,2012-09-28,2,739,53
7943,1975,PhD,Married,36663.0,1,0,2014-04-25,40,18,49
5272,1965,Master,Married,53843.0,0,1,2013-06-27,64,378,59
5453,1956,Master,Married,90226.0,0,0,2012-09-26,26,1083,68
2565,1955,Master,Divorced,70638.0,0,0,2013-06-01,69,1016,69
800,1960,Graduation,Together,44512.0,1,1,2013-08-30,57,23,64
11092,1961,Graduation,Married,27116.0,1,1,2014-03-02,78,12,63
5062,1963,PhD,Married,54072.0,1,1,2013-07-27,71,35,61
8969,1977,Graduation,Married,71855.0,0,1,2013-01-16,59,548,47
4656,1990,2n Cycle,Single,51250.0,1,0,2013-03-30,28,342,34
4480,1973,Master,Married,60432.0,0,1,2014-03-09,61,365,51
9971,1964,PhD,Married,65526.0,0,1,2014-04-11,22,397,60
6729,1988,Graduation,Single,68655.0,0,0,2012-08-10,95,456,36
1773,1978,2n Cycle,Married,12393.0,0,0,2012-12-04,38,5,46
9242,1990,Graduation,Single,64509.0,0,0,2013-08-17,19,836,34
1764,1975,Graduation,Single,33955.0,1,0,2013-08-09,92,100,49
6215,1977,Graduation,Married,31353.0,1,1,2013-12-29,24,10,47
10099,1984,Graduation,Married,55434.0,1,0,2013-10-05,21,238,40
5423,1983,Graduation,Together,28359.0,1,0,2013-10-27,35,6,41
940,1987,Graduation,Single,57100.0,1,0,2014-05-18,9,158,37
3011,1965,Graduation,Married,69139.0,0,1,2014-01-27,23,86,59
3298,1956,Master,Married,52973.0,0,1,2012-11-08,92,856,68
8286,1965,PhD,Together,51717.0,0,1,2013-08-20,55,98,59
9668,1971,Graduation,Married,18793.0,1,0,2013-01-12,14,4,53
5120,1982,2n Cycle,Together,66664.0,0,0,2012-09-25,78,398,42
6097,1959,Graduation,Single,50664.0,1,1,2013-01-16,64,313,65
7019,1963,Graduation,Together,54414.0,1,1,2013-01-23,49,109,61
7408,1952,PhD,Married,54549.0,0,1,2014-03-03,8,216,72
8041,1971,PhD,Widow,47111.0,0,1,2012-09-08,35,595,53
252,1963,PhD,Divorced,41003.0,0,0,2013-03-17,11,123,61
9986,1982,Graduation,Together,19444.0,1,0,2014-02-22,8,16,42
3276,1976,2n Cycle,Together,36301.0,1,0,2013-10-25,53,11,48
3859,1947,PhD,Together,73059.0,0,1,2013-08-31,36,410,77
3570,1969,PhD,Together,42731.0,1,0,2013-10-21,64,159,55
3783,1959,PhD,Married,52854.0,1,1,2014-03-24,43,105,65
10207,1978,Graduation,Together,22775.0,1,0,2013-06-19,40,5,46
10906,1948,PhD,Together,46681.0,0,2,2013-10-08,52,269,76
3427,1955,PhD,Married,59821.0,0,1,2013-04-12,11,629,69
5209,1954,Graduation,Divorced,50002.0,0,1,2013-06-17,21,443,70
10711,1945,Graduation,Married,69755.0,0,0,2013-10-02,23,217,79
10785,1969,Graduation,Married,44078.0,1,1,2014-06-19,17,24,55
2814,1976,Master,Together,30560.0,1,0,2013-06-27,6,9,48
6866,1969,Master,Together,35924.0,1,1,2014-03-23,56,8,55
1665,1964,PhD,Divorced,64140.0,0,2,2013-09-23,71,1459,60
6575,1981,Graduation,Together,56386.0,1,1,2012-10-27,51,230,43
3829,1979,Basic,Together,24594.0,1,0,2013-12-10,94,1,45
3091,1981,2n Cycle,Together,75774.0,1,0,2014-05-02,27,340,43
10141,1960,Master,Divorced,39228.0,0,0,2013-05-10,1,7,64
5177,1974,Master,Married,58494.0,0,1,2013-12-12,56,298,50
7005,1981,Graduation,Single,58684.0,0,0,2014-06-16,71,479,43
6409,1967,Graduation,Divorced,57136.0,0,0,2013-05-18,18,267,57
7485,1950,PhD,Widow,56551.0,1,1,2014-05-07,48,67,74
8079,1982,Graduation,Married,22448.0,1,0,2014-02-26,86,3,42
8395,1961,Graduation,Single,82014.0,0,0,2012-08-20,48,980,63
10352,1963,Graduation,Widow,34213.0,1,1,2012-09-07,2,50,61
4931,1977,Graduation,Together,157146.0,0,0,2013-04-29,13,1,47
13,1947,PhD,Widow,25358.0,0,1,2013-07-22,57,19,77
1834,1978,Master,Single,35544.0,1,0,2014-03-08,77,30,46
2285,1954,Master,Together,36634.0,0,1,2013-05-28,0,213,70
2295,1954,PhD,Married,62670.0,0,1,2014-02-02,57,539,70
1378,1972,2n Cycle,Together,50334.0,0,1,2013-07-24,24,284,52
2781,1981,Graduation,Single,72066.0,0,0,2014-06-23,55,1003,43
1165,1958,PhD,Single,50729.0,1,1,2013-05-02,62,239,66
1404,1968,Graduation,Together,34916.0,2,0,2013-05-15,89,51,56
6457,1976,Graduation,Divorced,64892.0,0,1,2014-05-29,77,527,48
2639,1966,Graduation,Single,43602.0,1,1,2014-01-10,45,19,58
8299,1989,PhD,Single,33996.0,0,0,2013-09-11,46,40,35
6437,1985,2n Cycle,Single,41473.0,1,0,2013-06-19,80,21,39
6912,1967,PhD,Married,63246.0,0,2,2013-08-20,60,593,57
7327,1959,PhD,Married,36732.0,1,1,2013-12-29,71,21,65
5299,1970,PhD,Married,69084.0,1,0,2013-11-19,43,1181,54
4127,1967,PhD,Married,77766.0,0,1,2013-02-22,97,1004,57
8143,1985,PhD,Single,37929.0,0,0,2013-07-30,49,202,39
1964,1951,Graduation,Together,86610.0,0,0,2013-09-05,66,446,73
3690,1986,Master,Married,80141.0,0,0,2013-01-11,20,1184,38
3433,1955,2n Cycle,Married,72635.0,0,0,2013-06-03,54,390,69
3389,1970,Graduation,Married,69016.0,0,1,2012-11-22,61,726,54
4712,1991,2n Cycle,Together,20193.0,0,0,2012-11-28,18,8,33
1170,1975,Graduation,Married,27573.0,1,0,2013-03-25,45,50,49
6347,1979,Basic,Single,15862.0,1,0,2013-06-27,26,1,45
4065,1976,PhD,Married,49544.0,1,0,2013-02-12,0,308,48
8230,1980,Graduation,Married,33228.0,1,0,2014-01-23,28,22,44
1215,1978,Graduation,Together,70440.0,0,0,2013-10-08,49,690,46
5939,1971,Graduation,Together,38232.0,1,1,2014-01-17,84,43,53
2156,1955,PhD,Married,22554.0,1,1,2012-11-03,38,27,69
7788,1983,PhD,Married,23536.0,1,0,2014-06-04,53,6,41
10323,1952,Graduation,Married,49413.0,0,1,2013-10-25,88,205,72
7947,1969,Graduation,Married,42231.0,1,1,2014-03-25,99,24,55
1891,1980,Master,Divorced,78789.0,0,0,2012-08-08,12,667,44
2570,1968,Graduation,Together,56534.0,0,1,2013-07-23,35,691,56
9256,1971,Graduation,Single,58350.0,0,1,2013-01-04,5,493,53
295,1989,Graduation,Single,81217.0,0,0,2013-07-19,77,493,35
7397,1951,Graduation,Single,49090.0,0,1,2013-07-19,45,494,73
6349,1987,Master,Divorced,61787.0,0,0,2013-07-06,71,621,37
10790,1985,PhD,Married,18169.0,1,0,2013-02-19,40,9,39
10398,1981,2n Cycle,Single,24336.0,1,0,2012-08-27,82,1,43
2431,1990,Graduation,Married,18222.0,0,0,2012-12-31,70,12,34
550,1952,Graduation,Divorced,62335.0,0,1,2013-05-23,87,243,72
1890,1971,2n Cycle,Together,42033.0,1,1,2012-09-19,95,11,53
10742,1983,PhD,Married,86580.0,0,0,2013-02-27,72,532,41
10356,1957,PhD,Divorced,41437.0,1,1,2012-09-22,5,29,67
4676,1951,Master,Widow,73705.0,0,2,2014-03-05,86,612,73
8852,1976,Graduation,Married,61064.0,0,1,2012-08-31,80,387,48
3565,1955,Master,Married,38452.0,1,1,2014-03-30,62,56,69
5294,1989,Graduation,Single,18358.0,1,0,2013-11-20,49,6,35
1958,1973,PhD,Together,55012.0,0,1,2014-03-21,85,582,51
7349,1973,Basic,Together,9722.0,1,0,2012-10-02,7,6,51
8799,1984,PhD,Married,38175.0,1,0,2013-09-23,6,70,40
1351,1956,Master,Together,58656.0,0,1,2012-09-20,25,962,68
1045,1965,Graduation,Together,52117.0,0,1,2012-08-16,55,112,59
7732,1978,Graduation,Married,64813.0,1,0,2014-01-02,81,293,46
8070,1973,PhD,Married,54222.0,0,1,2014-03-01,98,199,51
477,1986,Graduation,Married,83512.0,0,0,2014-06-17,31,1060,38
7832,1959,Master,Married,77520.0,0,1,2013-08-28,30,940,65
2202,1978,Graduation,Together,41154.0,0,1,2013-04-09,98,44,46
7396,1966,Graduation,Married,80398.0,0,0,2012-11-10,92,342,58
4055,1992,Basic,Single,18746.0,1,0,2014-05-29,41,2,32
10340,1984,Graduation,Together,35196.0,1,0,2012-11-13,68,75,40
10091,1956,Graduation,Single,60230.0,0,1,2013-05-20,78,520,68
7629,1977,Graduation,Married,22108.0,1,1,2014-05-08,46,5,47
10640,1974,Graduation,Together,44392.0,1,1,2013-09-05,71,87,50
3498,1976,PhD,Married,55424.0,0,1,2012-11-25,6,462,48
6742,1979,Graduation,Married,17688.0,1,0,2013-01-13,82,2,45
1172,1983,PhD,Married,92491.0,0,0,2013-05-01,71,979,41
569,1991,Graduation,Single,90273.0,0,0,2013-12-14,32,704,33
4686,1962,PhD,Widow,82571.0,0,0,2014-04-02,28,861,62
1381,1982,PhD,Single,38513.0,1,0,2014-01-28,20,172,42
2634,1979,Master,Single,16653.0,1,0,2014-04-18,10,5,45
10905,1955,Graduation,Together,42586.0,1,1,2012-10-29,7,194,69
1744,1965,Basic,Single,23529.0,0,1,2013-01-07,67,9,59
1000,1961,Master,Together,74881.0,1,1,2013-03-08,48,505,63
3828,1951,Graduation,Married,71107.0,0,1,2013-02-17,61,533,73
8605,1964,PhD,Together,46910.0,1,1,2014-03-23,36,48,60
10304,1959,Graduation,Married,18690.0,0,0,2012-12-28,77,6,65
4351,1955,Graduation,Divorced,37244.0,1,1,2013-04-27,90,18,69
10129,1966,Graduation,Together,82427.0,0,0,2014-03-12,35,482,58
2499,1958,2n Cycle,Single,75342.0,0,1,2013-05-06,38,204,66
10092,1954,Graduation,Divorced,70044.0,0,1,2013-02-18,46,1073,70
7500,1967,Graduation,Single,79146.0,1,1,2014-04-24,33,245,57
5796,1963,Graduation,Married,77437.0,0,0,2013-11-26,70,560,61
10556,1959,Graduation,Married,54984.0,0,1,2014-05-24,51,173,65
1064,1971,PhD,Married,42403.0,1,0,2013-12-11,18,22,53
48,1964,Graduation,Together,55761.0,0,1,2014-04-24,97,136,60
7610,1983,Graduation,Together,37292.0,1,0,2013-04-18,32,275,41
263,1945,PhD,Single,45576.0,0,0,2014-05-28,9,56,79
10814,1947,Graduation,Together,70321.0,0,0,2013-01-16,6,303,77
9710,1969,PhD,Divorced,58086.0,0,1,2013-01-20,80,708,55
9292,1952,Graduation,Married,81795.0,0,0,2012-10-26,74,324,72
10250,1947,Basic,Together,28389.0,0,0,2012-11-20,49,1,77
7881,1946,Master,Married,66835.0,0,0,2013-09-28,21,620,78
5847,1969,Graduation,Divorced,69901.0,0,1,2013-05-29,95,312,55
737,1949,PhD,Married,80360.0,0,0,2013-03-03,56,1493,75
3571,1961,PhD,Together,63342.0,0,1,2012-10-16,48,918,63
7807,1974,Graduation,Married,44989.0,0,1,2012-09-12,26,98,50
3878,1980,2n Cycle,Single,31859.0,1,0,2014-02-27,3,3,44
5092,1949,PhD,Widow,51569.0,0,1,2013-02-12,39,380,75
2154,1971,Graduation,Widow,30372.0,1,1,2012-12-25,33,15,53
5394,1979,Basic,Single,16014.0,1,1,2013-03-17,42,3,45
3798,1968,Graduation,Married,41120.0,1,1,2013-11-06,80,24,56
3524,1971,Master,Single,39763.0,1,0,2013-08-04,9,80,53
5247,1955,PhD,Married,38725.0,1,1,2014-05-10,52,31,69
5883,1972,Graduation,Married,77981.0,1,0,2013-05-26,78,138,52
2118,1964,2n Cycle,Married,62905.0,0,1,2013-09-10,68,166,60
8812,1979,2n Cycle,Divorced,13533.0,1,0,2013-03-10,45,12,45
6616,1975,Graduation,Together,59481.0,0,1,2013-10-23,47,178,49
2797,1977,Graduation,Married,72117.0,0,1,2013-08-20,34,707,47
4328,1986,2n Cycle,Married,21955.0,1,0,2013-09-07,81,5,38
9167,1956,Graduation,Married,67131.0,0,1,2013-03-26,72,465,68
10560,1980,PhD,Single,36802.0,1,0,2014-06-16,23,16,44
2631,1982,Graduation,Together,71853.0,0,0,2013-05-08,29,358,42
8312,1961,Basic,Married,28249.0,0,0,2014-06-15,80,1,63
5534,1975,Master,Married,47808.0,0,1,2013-10-20,30,123,49
5093,1974,PhD,Divorced,25509.0,1,0,2012-09-18,15,40,50
7592,1946,PhD,Married,51012.0,0,0,2013-04-18,86,102,78
8895,1985,Graduation,Single,70596.0,0,0,2012-10-05,68,347,39
8584,1952,PhD,Together,85431.0,0,0,2013-06-08,54,376,72
2694,1967,Graduation,Married,42664.0,0,1,2014-03-18,44,21,57
8910,1955,Graduation,Together,42586.0,1,1,2012-10-29,7,194,69
7433,1985,Graduation,Single,29760.0,1,0,2012-08-29,87,64,39
164,1977,PhD,Married,28973.0,0,0,2012-10-13,59,206,47
10477,1973,PhD,Together,39435.0,1,0,2013-08-06,16,71,51
2681,1984,2n Cycle,Married,65370.0,0,0,2013-08-01,1,71,40
5150,1979,Basic,Single,20194.0,1,0,2012-12-17,64,0,45
5283,1976,PhD,Single,42473.0,1,1,2014-02-17,72,93,48
9645,1968,Graduation,Married,64590.0,0,0,2012-10-14,98,920,56
10678,1959,Graduation,Together,71232.0,0,1,2013-11-28,91,653,65
7261,1971,Graduation,Together,34600.0,1,1,2013-01-01,8,199,53
9648,1967,Graduation,Single,46904.0,1,1,2012-11-03,20,153,57
2870,1973,Graduation,Married,49094.0,0,1,2012-09-21,6,376,51
8008,1983,Graduation,Together,36075.0,1,0,2013-12-09,54,46,41
1513,1979,2n Cycle,Together,60839.0,1,1,2012-08-28,72,600,45
6173,1979,Graduation,Together,77298.0,0,1,2013-11-02,46,425,45
1419,1950,Graduation,Together,34026.0,1,1,2013-08-05,11,18,74
9150,1963,PhD,Single,48918.0,1,1,2014-04-12,21,52,61
7960,1962,2n Cycle,Together,82122.0,0,0,2013-08-15,89,734,62
1250,1976,Graduation,Single,37697.0,1,0,2014-02-07,82,34,48
9905,1952,Graduation,Together,34074.0,1,1,2013-07-13,69,135,72
10691,1960,Master,Married,28520.0,1,1,2013-06-14,55,11,64
7002,1955,Graduation,Single,62535.0,0,1,2013-10-03,13,163,69
2952,1977,Master,Single,36273.0,1,0,2014-04-16,80,29,47
8439,1964,Graduation,Together,63404.0,0,2,2014-06-06,97,734,60
762,1981,2n Cycle,Together,75774.0,1,0,2014-05-02,27,340,43
2831,1976,Graduation,Together,78416.0,0,1,2014-06-27,99,453,48
6977,1974,Graduation,Together,75702.0,0,1,2012-10-14,87,1073,50
6289,1951,Master,Together,59385.0,1,1,2013-04-28,85,135,73
4168,1966,Graduation,Single,37070.0,1,1,2013-03-20,30,231,58
8397,1951,Graduation,Married,44689.0,1,1,2014-01-10,82,18,73
9284,1958,Graduation,Together,53977.0,0,1,2013-06-08,21,620,66
6237,1966,PhD,Single,7144.0,0,2,2013-12-07,92,81,58
3130,1964,Graduation,Single,18701.0,1,1,2013-06-04,95,12,60
1619,1956,Graduation,Married,90369.0,0,0,2014-04-28,2,292,68
1990,1974,PhD,Single,63159.0,0,0,2012-11-05,74,965,50
5513,1966,Graduation,Together,37758.0,1,1,2012-10-04,49,27,58
269,1963,PhD,Single,46757.0,0,1,2012-11-16,71,777,61
8093,1969,Master,Married,79734.0,0,0,2014-06-28,72,572,55
10513,1992,Graduation,Together,63207.0,0,0,2013-01-20,68,438,32
10177,1954,Graduation,Divorced,72071.0,0,1,2013-02-14,4,531,70
2549,1983,PhD,Together,21840.0,1,0,2013-07-21,80,17,41
5782,1982,2n Cycle,Together,58582.0,0,1,2013-09-28,15,402,42
10057,1951,Graduation,Single,72282.0,0,0,2013-07-19,70,503,73
10307,1956,Graduation,Married,50387.0,0,2,2013-08-31,91,369,68
8566,1961,PhD,Together,32583.0,1,1,2014-06-15,10,5,63
2415,1962,Graduation,Together,62568.0,0,1,2014-04-07,99,362,62
5684,1971,Master,Divorced,44635.0,1,1,2013-10-11,25,56,53
8334,1971,Master,Single,33316.0,1,1,2013-10-04,34,79,53
9166,1968,Graduation,Married,63967.0,0,1,2013-08-09,57,387,56
1440,1978,2n Cycle,Together,52513.0,0,0,2012-09-04,84,367,46
78,1969,Graduation,Married,25293.0,1,0,2013-09-15,51,15,55
5441,1965,PhD,Widow,54111.0,0,1,2013-08-25,97,267,59
5302,1986,Graduation,Together,78394.0,0,0,2013-02-15,13,298,38
4687,1958,Master,Married,80739.0,0,0,2013-05-23,92,674,66
1087,1975,Master,Together,22669.0,1,0,2013-05-22,30,16,49
6859,1987,Graduation,Single,29236.0,1,0,2013-10-08,30,37,37
9860,1959,Graduation,Together,44911.0,0,1,2013-03-15,11,159,65
7129,1962,PhD,Married,54693.0,0,1,2013-02-17,72,686,62
5866,1974,Graduation,Together,48186.0,1,0,2014-03-20,39,97,50
10521,1977,Graduation,Married,54809.0,1,1,2013-09-11,0,63,47
7393,1978,Graduation,Together,41580.0,1,1,2012-12-10,15,56,46
7849,1970,PhD,Married,80336.0,0,0,2013-09-09,12,209,54
332,1957,Graduation,Married,47743.0,0,1,2013-03-22,56,198,67
9847,1955,2n Cycle,Married,62972.0,0,1,2012-08-03,39,313,69
531,1954,PhD,Divorced,57333.0,0,1,2012-09-22,55,941,70
9576,1982,PhD,Together,32313.0,1,0,2013-02-11,60,86,42
6906,1953,Master,Widow,84953.0,0,0,2013-06-03,73,167,71
7419,1968,Master,Divorced,27071.0,1,0,2014-04-23,90,8,56
3170,1957,Master,Together,68148.0,0,0,2013-08-31,86,389,67
8527,1965,Master,Together,65735.0,1,1,2013-12-07,37,239,59
7872,1975,PhD,Married,86836.0,0,0,2012-09-12,7,179,49
9931,1963,PhD,Married,4023.0,1,1,2014-06-23,29,5,61
10595,1990,Graduation,Married,30093.0,0,0,2013-07-08,19,2,34
4609,1966,PhD,Married,57705.0,0,1,2014-01-11,14,383,58
5010,1988,Graduation,Single,25008.0,1,0,2014-02-02,72,2,36
4427,1995,2n Cycle,Single,83257.0,0,0,2012-09-18,56,536,29
11148,1975,Graduation,Together,22280.0,1,0,2013-05-19,85,2,49
1168,1978,PhD,Married,72159.0,0,0,2012-10-29,62,322,46
9595,1961,Graduation,Together,64260.0,0,0,2013-01-11,1,539,63
10163,1984,PhD,Single,82733.0,0,0,2013-09-10,28,712,40
2886,1971,Master,Divorced,74290.0,0,1,2013-08-12,70,1121,53
6710,1951,Master,Single,58217.0,2,1,2012-11-17,84,68,73
5316,1976,Master,Together,21024.0,0,0,2013-07-04,89,36,48
9029,1972,PhD,Married,70116.0,0,0,2013-01-26,73,707,52
521,1985,Graduation,Together,54006.0,1,0,2012-09-18,42,174,39
1459,1966,PhD,Married,69063.0,0,1,2012-11-07,16,666,58
10241,1975,2n Cycle,Divorced,11448.0,0,0,2013-12-15,16,0,49
1630,1979,Graduation,Single,61825.0,0,1,2013-08-07,56,162,45
3254,1971,Graduation,Married,70886.0,1,0,2013-10-14,65,407,53
9064,1982,Graduation,Married,69109.0,0,0,2012-11-09,10,823,42
3678,1973,Graduation,Widow,60208.0,1,1,2012-10-07,13,488,51
4227,1968,Master,Together,32889.0,1,1,2013-09-06,78,28,56
9467,1984,Graduation,Single,34738.0,1,0,2014-05-11,51,3,40
8486,1971,Master,Together,30538.0,1,0,2012-10-01,27,284,53
2186,1977,2n Cycle,Together,82326.0,0,0,2014-03-10,30,938,47
3286,1967,PhD,Divorced,26642.0,1,0,2014-03-01,71,13,57
8602,1964,Graduation,Divorced,69932.0,0,1,2013-06-12,97,412,60
3722,1972,Graduation,Single,44503.0,1,1,2014-04-16,83,31,52
6715,1948,PhD,Single,60200.0,0,1,2013-01-02,3,502,76
4796,1952,Graduation,Divorced,49638.0,0,1,2014-04-19,71,18,72
9612,1987,2n Cycle,Single,23830.0,0,0,2014-02-07,3,1,37
3766,1959,Master,Widow,33051.0,0,0,2012-08-16,15,100,65
1399,1958,Graduation,Married,72905.0,0,0,2014-01-21,52,407,66
1570,1951,PhD,Together,69702.0,0,1,2013-02-19,8,664,73
3426,1975,Graduation,Divorced,70300.0,1,0,2013-07-15,89,1045,49
3074,1984,PhD,Married,70643.0,0,0,2012-10-15,66,1218,40
8341,1969,PhD,Married,30396.0,1,0,2014-04-30,22,15,55
5180,1968,PhD,Divorced,50616.0,0,1,2014-04-18,56,128,56
6461,1969,Master,Single,62772.0,0,1,2013-05-19,74,581,55
7679,1985,PhD,Single,30298.0,0,0,2014-05-19,48,6,39
10702,1984,Graduation,Single,52413.0,1,0,2012-11-03,67,185,40
7505,1957,PhD,Married,44155.0,1,1,2014-01-19,24,22,67
5113,1971,PhD,Divorced,86979.0,0,0,2013-11-07,67,584,53
10858,1975,Graduation,Together,76532.0,1,1,2013-09-09,38,355,49
2961,1982,Graduation,Married,42081.0,1,0,2013-02-26,86,175,42
2747,1988,PhD,Married,67546.0,0,0,2012-08-31,90,864,36
3010,1989,Master,Together,88420.0,0,0,2014-05-02,87,957,35
5790,1985,Graduation,Married,31158.0,1,0,2013-01-27,62,25,39
6892,1968,Graduation,Divorced,61671.0,0,1,2014-06-03,23,641,56
1743,1974,Graduation,Single,69719.0,0,0,2014-05-26,99,273,50
3578,1949,Graduation,Divorced,49160.0,0,1,2013-10-20,29,122,75
8462,1978,Basic,Together,24882.0,1,0,2012-09-09,52,1,46
5558,1954,PhD,Single,90933.0,0,0,2014-03-31,90,1020,70
4619,1945,PhD,Single,113734.0,0,0,2014-05-28,9,6,79
8780,1950,PhD,Together,59292.0,0,1,2013-06-13,71,378,74
10789,1964,PhD,Married,45759.0,1,1,2013-02-23,13,42,60
10779,1983,Graduation,Single,22148.0,0,0,2014-04-13,16,15,41
5896,1987,Master,Married,73395.0,0,0,2014-03-18,94,272,37
2337,1971,Graduation,Divorced,29819.0,1,0,2013-10-24,77,9,53
10951,1968,Graduation,Married,45688.0,0,1,2014-01-25,20,279,56
544,1954,Graduation,Married,62820.0,0,0,2013-05-11,51,398,70
17,1971,PhD,Married,60491.0,0,1,2013-09-06,81,637,53
10680,1986,Graduation,Together,33235.0,1,0,2014-02-05,71,45,38
3265,1959,Graduation,Married,35701.0,0,0,2013-03-19,36,21,65
5623,1980,Master,Married,31535.0,1,0,2013-09-26,95,15,44
5832,1960,2n Cycle,Together,92556.0,0,0,2014-04-20,32,493,64
5544,1970,Graduation,Single,67384.0,0,1,2012-11-10,32,957,54
6417,1971,Master,Together,80573.0,0,0,2012-10-14,85,829,53
5831,1967,Graduation,Married,77870.0,0,1,2012-08-22,93,1017,57
7101,1963,PhD,Widow,52278.0,0,1,2013-01-25,24,953,61
10176,1968,Graduation,Single,57107.0,0,1,2012-08-24,44,159,56
2326,1990,Graduation,Married,18929.0,0,0,2013-02-16,15,32,34
4385,1981,PhD,Single,36038.0,1,0,2013-05-31,82,23,43
2929,1976,Graduation,Single,20180.0,0,0,2013-02-20,27,18,48
10686,1965,PhD,Together,34230.0,1,1,2012-12-26,72,15,59
2546,1977,2n Cycle,Single,31878.0,0,1,2014-06-22,7,23,47
3283,1972,2n Cycle,Married,70932.0,0,1,2014-01-19,57,200,52
3138,1956,Graduation,Single,91249.0,0,0,2012-10-20,84,1324,68
4994,1943,Master,Single,77598.0,0,0,2013-10-01,53,1193,81
7966,1959,Graduation,Single,80982.0,1,1,2013-01-08,48,505,65
3112,1977,Master,Married,22701.0,1,0,2013-09-05,2,2,47
10872,1969,PhD,Married,55212.0,0,1,2012-11-23,65,1103,55
2181,1970,Graduation,Married,70617.0,0,0,2013-06-23,45,353,54
1867,1957,Graduation,Single,64849.0,0,0,2012-11-13,42,652,67
1518,1965,Master,Married,62694.0,1,1,2013-06-17,29,379,59
5734,1974,PhD,Married,61917.0,1,1,2013-11-20,83,46,50
2878,1947,PhD,Married,67472.0,0,1,2013-09-28,93,162,77
1458,1982,Master,Married,21059.0,1,0,2014-01-07,40,8,42
7007,1968,Master,Married,29543.0,2,0,2014-04-01,47,17,56
6200,1951,Graduation,Married,75903.0,0,1,2013-04-08,50,340,73
1403,1975,2n Cycle,Together,34984.0,1,1,2012-09-06,40,8,49
4827,1956,PhD,Single,54998.0,0,1,2013-03-10,3,154,68
6250,1949,PhD,Widow,54356.0,0,1,2012-11-19,62,710,75
9291,1959,Master,Married,34242.0,0,1,2014-03-23,25,8,65
2478,1973,Graduation,Married,25410.0,1,0,2013-08-31,48,2,51
1139,1984,PhD,Married,73356.0,0,0,2014-02-06,56,1050,40
5138,1950,Graduation,Together,28320.0,0,1,2013-01-14,68,19,74
5393,1977,Graduation,Single,23763.0,1,0,2012-08-07,64,22,47
10413,1984,Graduation,Married,72570.0,0,0,2014-04-25,67,274,40
5015,1976,Master,Married,34529.0,1,0,2012-09-14,94,68,48
10868,1951,Graduation,Widow,70792.0,0,0,2013-02-06,82,344,73
10676,1982,Graduation,Married,63211.0,0,0,2012-11-02,3,145,42
2495,1974,Master,Married,83891.0,0,1,2014-06-20,24,217,50
7842,1968,Graduation,Single,36065.0,1,1,2013-03-31,54,18,56
9955,1954,Graduation,Together,39898.0,0,1,2013-02-12,20,69,70
2162,1976,Graduation,Married,56939.0,0,1,2013-09-18,19,256,48
3434,1951,Graduation,Single,80872.0,0,0,2014-05-12,60,483,73
7919,1976,PhD,Together,72335.0,0,0,2012-08-13,2,1285,48
5626,1964,PhD,Single,61798.0,0,0,2013-11-23,13,338,60
6428,1950,PhD,Widow,76842.0,0,0,2014-05-03,37,605,74
8514,1976,Graduation,Together,29478.0,1,0,2014-01-17,59,8,48
10448,1956,Graduation,Single,46998.0,0,1,2012-10-22,55,172,68
2109,1990,Graduation,Single,96843.0,0,0,2013-04-23,60,448,34
7530,1950,PhD,Widow,56551.0,1,1,2014-05-07,48,67,74
8925,1965,Master,Married,70053.0,0,1,2013-07-03,38,512,59
3009,1962,PhD,Widow,71670.0,0,0,2013-07-09,8,1462,62
6355,1978,Graduation,Married,44359.0,1,1,2014-06-17,19,20,46
3517,1952,Graduation,Single,40887.0,1,1,2013-05-06,32,50,72
1158,1966,Graduation,Divorced,48877.0,0,1,2014-01-05,27,102,58
6203,1947,Graduation,Together,74485.0,0,0,2013-08-24,58,499,77
7165,1972,Graduation,Together,64474.0,0,1,2013-10-22,59,381,52
3595,1963,Graduation,Together,77226.0,0,1,2014-02-28,29,631,61
8537,1949,Graduation,Widow,72643.0,0,0,2013-02-27,60,526,75
4331,1978,Master,Together,85738.0,0,0,2014-01-23,41,913,46
6281,1966,Graduation,Divorced,55686.0,0,1,2013-02-14,27,673,58
4338,1983,Graduation,Single,39062.0,1,0,2014-03-25,28,23,41
2452,1971,Graduation,Together,34600.0,1,1,2013-01-01,8,199,53
9507,1975,Graduation,Married,40794.0,0,1,2013-04-07,18,261,49
8360,1971,2n Cycle,Married,54690.0,1,1,2013-11-07,76,111,53
10311,1969,Graduation,Married,4428.0,0,1,2013-10-05,0,16,55
5117,1963,2n Cycle,Married,32632.0,0,0,2012-08-02,32,63,61
4867,1968,PhD,Single,38236.0,1,1,2013-09-20,2,58,56
9289,1979,Graduation,Married,36781.0,1,0,2014-04-10,16,29,45
10913,1984,Master,Single,31385.0,1,0,2012-12-05,56,3,40
3032,1984,Graduation,Married,24570.0,1,0,2013-02-27,97,28,40
8524,1974,PhD,Divorced,25509.0,1,0,2012-09-18,15,40,50
3334,1951,Graduation,Married,94642.0,0,0,2014-02-12,35,879,73
4470,1962,Master,Married,58646.0,0,1,2013-06-10,3,62,62
1406,1975,Graduation,Single,53201.0,1,1,2013-02-12,49,280,49
8619,1957,Graduation,Together,21994.0,0,1,2012-12-24,4,9,67
10821,1978,Graduation,Married,57113.0,1,1,2013-02-06,45,182,46
4552,1991,Graduation,Married,51373.0,0,0,2013-06-22,37,83,33
898,1986,Graduation,Married,23477.0,1,0,2013-10-21,39,38,38
9797,1956,Graduation,Married,58116.0,0,1,2014-04-13,38,228,68
10949,1963,PhD,Divorced,72968.0,0,0,2013-12-16,8,1092,61
8212,1971,Master,Married,39791.0,0,1,2013-03-28,89,85,53
6248,1947,Master,Single,91712.0,0,0,2013-10-17,47,1276,77
10164,1958,Graduation,Single,94472.0,0,1,2014-04-03,75,1017,66
4547,1960,Graduation,Together,13672.0,1,1,2013-04-17,86,6,64
6815,1980,2n Cycle,Married,96547.0,0,0,2014-05-23,4,448,44
4122,1975,Graduation,Married,79205.0,0,0,2012-08-29,73,504,49
10841,1975,PhD,Together,56559.0,0,1,2012-12-25,46,226,49
5370,1973,PhD,Married,32644.0,1,0,2013-01-16,38,239,51
176,1980,2n Cycle,Single,67506.0,0,1,2014-01-02,73,90,44
4860,1970,Graduation,Single,24206.0,1,0,2013-03-08,66,7,54
10757,1967,PhD,Divorced,28420.0,1,0,2013-12-24,36,4,57
4023,1970,Graduation,Married,22979.0,1,0,2012-09-06,29,16,54
6679,1966,Graduation,Single,33279.0,0,0,2014-06-12,29,10,58
9923,1972,Master,Single,46423.0,1,1,2013-09-18,6,68,52
7181,1977,Graduation,Married,30368.0,0,1,2013-11-07,97,35,47
3599,1970,Graduation,Married,63684.0,0,1,2012-11-26,61,575,54
405,1964,Graduation,Divorced,41638.0,0,1,2013-02-13,68,315,60
6870,1959,PhD,Divorced,68805.0,0,1,2013-09-17,73,182,65
832,1966,PhD,Together,65814.0,0,1,2014-03-02,90,561,58
2002,1958,Graduation,Divorced,71964.0,0,0,2013-05-20,81,587,66
3657,1986,Graduation,Single,39146.0,1,0,2013-02-14,1,94,38
500,1977,Graduation,Together,96876.0,0,0,2013-08-06,79,908,47
1951,1981,Basic,Married,34445.0,0,0,2013-01-27,92,228,43
3262,1958,Graduation,Single,68281.0,0,0,2012-08-07,31,995,66
4102,1975,2n Cycle,Married,37284.0,1,1,2013-03-29,46,11,49
7042,1983,Graduation,Married,36790.0,0,0,2013-03-01,14,3,41
10598,1967,Graduation,Together,27943.0,1,1,2013-04-15,89,12,57
255,1951,Graduation,Divorced,22263.0,1,1,2014-03-30,31,17,73
2375,1972,Graduation,Together,30261.0,1,2,2012-09-25,75,8,52
9829,1978,Graduation,Together,28587.0,1,0,2014-02-12,42,22,46
6214,1982,Master,Married,43815.0,1,0,2013-04-05,53,14,42
4954,1956,Graduation,Married,48195.0,1,1,2014-01-21,53,106,68
7861,1952,Master,Married,77027.0,0,1,2014-02-05,23,820,72
4837,1965,PhD,Married,71322.0,0,1,2013-02-16,57,753,59
9423,1979,Master,Married,32765.0,1,0,2014-02-23,49,13,45
4198,1965,Graduation,Together,29672.0,1,1,2013-03-12,6,9,59
153,1953,Graduation,Divorced,23272.0,0,0,2013-10-17,29,19,71
9323,1949,Master,Together,49912.0,0,1,2012-09-07,5,520,75
10001,1985,2n Cycle,Together,7500.0,1,0,2012-08-01,98,5,39
3945,1947,PhD,Widow,68117.0,0,1,2013-03-10,80,618,77
3799,1955,Graduation,Married,67225.0,0,1,2013-11-26,4,315,69
8625,1976,Graduation,Married,17649.0,1,0,2013-11-12,70,15,48
3491,1975,Graduation,Together,55914.0,0,1,2013-04-29,32,384,49
983,1984,Graduation,Married,40059.0,1,0,2013-09-28,82,110,40
9119,1950,Graduation,Together,60905.0,0,1,2013-12-05,27,208,74
4786,1977,Graduation,Married,75330.0,1,1,2012-10-04,94,555,47
5872,1951,Graduation,Single,60689.0,0,1,2013-06-01,23,240,73
6568,1984,Graduation,Married,38680.0,1,0,2013-03-28,97,11,40
5628,1982,Graduation,Together,61416.0,0,0,2013-02-08,25,848,42
5631,1991,Graduation,Single,49767.0,0,0,2013-05-02,92,202,33
4974,1970,Graduation,Single,83273.0,1,2,2012-09-25,98,433,54
8416,1981,Graduation,Married,29009.0,1,0,2013-11-29,19,6,43
5454,1979,Master,Married,45057.0,1,0,2013-12-01,80,37,45
4095,1971,Graduation,Married,37150.0,1,0,2012-09-11,80,167,53
5474,1970,Graduation,Single,43020.0,1,0,2013-11-30,79,45,54
4268,1959,Graduation,Married,53154.0,0,1,2014-06-09,50,129,65
10701,1973,Graduation,Married,65308.0,0,0,2013-09-11,60,713,51
3507,1970,Graduation,Single,76467.0,1,0,2012-08-17,44,676,54
2079,1947,2n Cycle,Married,81044.0,0,0,2013-12-27,0,450,77
626,1951,Graduation,Married,32871.0,1,1,2013-03-09,28,22,73
4426,1975,Graduation,Single,55801.0,1,1,2013-09-22,35,367,49
2591,1959,Graduation,Widow,76320.0,0,1,2014-06-22,49,526,65
10509,1955,Master,Single,36927.0,1,1,2014-06-02,46,51,69
6382,1953,Graduation,Together,48794.0,1,1,2014-06-26,97,25,71
6673,1965,Graduation,Single,23478.0,0,0,2013-03-19,51,28,59
7441,1973,Graduation,Divorced,71128.0,1,0,2012-10-06,80,958,51
1071,1976,PhD,Divorced,70179.0,0,1,2013-07-21,10,532,48
10061,1950,Graduation,Married,59462.0,0,1,2013-01-05,29,724,74
7187,1969,Master,Together,51381.5,1,1,2013-05-18,52,375,55
8775,1969,Graduation,Together,38361.0,1,0,2013-12-27,74,39,55
1612,1981,PhD,Single,51381.5,1,0,2013-05-31,82,23,43
2345,1982,PhD,Together,70038.0,0,0,2013-10-25,54,587,42
322,1978,Graduation,Together,42554.0,1,1,2013-01-12,93,29,46
10897,1974,Graduation,Married,67445.0,0,1,2012-08-12,63,757,50
123,1951,Graduation,Widow,67046.0,0,1,2013-01-06,92,544,73
6103,1948,Graduation,Married,42192.0,0,0,2013-09-06,40,40,76
7899,1952,PhD,Married,77610.0,0,1,2012-10-29,70,1245,72
10500,1984,Graduation,Married,31761.0,1,0,2014-04-05,96,19,40
1655,1979,Graduation,Together,34350.0,1,0,2013-10-19,81,16,45
2406,1949,Graduation,Together,54591.0,0,1,2013-08-05,63,376,75
2712,1956,Graduation,Married,71866.0,0,1,2013-12-25,85,184,68
5517,1969,Graduation,Married,25293.0,1,0,2013-09-15,51,15,55
10643,1987,PhD,Single,42000.0,0,0,2013-01-10,23,124,37
2254,1983,Graduation,Married,69520.0,0,0,2013-07-07,95,627,41
10281,1970,Graduation,Divorced,64713.0,1,0,2014-02-07,11,180,54
6958,1977,Master,Married,27889.0,1,0,2013-07-05,42,14,47
954,1960,Basic,Widow,22123.0,0,0,2014-03-27,77,3,64
5079,1971,Graduation,Married,51381.5,1,1,2013-03-03,82,71,53
10339,1954,Master,Together,51381.5,0,1,2013-06-23,83,161,70
4643,1973,Graduation,Married,27803.0,1,0,2012-08-26,40,8,51
3117,1955,Graduation,Single,51381.5,0,1,2013-10-18,95,264,69
6497,1960,Graduation,Married,51651.0,0,1,2012-11-07,32,293,64
5396,1988,Graduation,Married,68487.0,0,0,2013-01-13,48,758,36
5250,1943,Master,Widow,51381.5,0,0,2013-10-30,75,532,81
1052,1969,Graduation,Married,56796.0,0,1,2013-02-16,24,656,55
2802,1992,2n Cycle,Married,87000.0,0,0,2012-12-15,61,196,32
6343,1959,Graduation,Married,79823.0,0,1,2014-03-31,6,835,65
6507,1980,Graduation,Single,30828.0,1,0,2013-10-04,16,16,44
7901,1971,Master,Married,34109.0,0,1,2013-11-06,39,9,53
4865,1974,Master,Divorced,53367.0,1,1,2013-08-31,2,229,50
2686,1969,Basic,Together,22390.0,0,0,2013-10-21,49,0,55
3107,1976,Graduation,Together,71322.0,0,1,2014-05-02,31,121,48
7734,1993,Graduation,single,79244.0,0,0,2012-12-19,58,471,31
1146,1949,Master,Together,49912.0,0,1,2012-09-07,5,520,75
11031,1950,PhD,Married,48699.0,1,1,2013-05-21,90,26,74
7428,1975,Graduation,Together,80144.0,0,0,2013-09-30,47,240,49
975,1956,Graduation,Single,54252.0,1,1,2013-05-28,25,178,68
1103,1976,Master,Married,81929.0,1,0,2012-09-29,60,1486,48
3422,1975,Graduation,Married,76068.0,0,1,2012-11-29,67,1115,49
1055,1976,Master,Married,53204.0,1,1,2014-03-20,40,29,48
6544,1949,PhD,Together,67911.0,0,1,2014-05-22,63,529,75
1241,1984,2n Cycle,Married,14796.0,1,0,2012-09-17,1,13,40
2909,1974,PhD,Married,78128.0,0,1,2014-02-19,89,934,50
5802,1972,Basic,Married,14188.0,0,0,2013-02-28,40,2,52
1407,1986,Basic,Married,20425.0,1,0,2012-10-29,5,4,38
6183,1962,Master,Married,58646.0,0,1,2013-06-10,3,62,62
340,1970,Graduation,Divorced,72967.0,0,1,2012-12-15,1,158,54
5991,1949,Master,Married,48150.0,0,1,2013-06-08,24,173,75
3104,1961,Graduation,Single,82332.0,0,0,2012-09-17,89,830,63
9729,1955,Graduation,Widow,58275.0,1,1,2013-06-02,48,189,69
1008,1981,PhD,Together,44953.0,0,0,2012-12-21,31,728,43
11091,1953,Graduation,Together,34587.0,1,1,2014-05-16,68,7,71
3969,1974,Master,Together,43018.0,0,1,2013-11-01,46,35,50
1916,1954,Master,Married,45736.0,0,1,2013-07-24,92,188,70
9907,1969,Master,Together,66476.0,0,1,2013-12-04,80,742,55
87,1981,2n Cycle,Married,27733.0,1,0,2013-08-26,16,0,43
8659,1952,PhD,Together,69805.0,0,1,2014-01-21,50,750,72
6262,1962,Master,Single,72217.0,0,0,2013-04-10,93,816,62
6147,1971,Graduation,Divorced,25818.0,1,0,2012-10-18,51,5,53
8832,1976,Master,Together,37509.0,1,0,2012-09-12,24,37,48
10067,1976,2n Cycle,Together,25176.0,1,1,2013-08-10,79,4,48
7532,1980,Graduation,Married,43586.0,0,1,2012-08-30,26,99,44
4915,1956,2n Cycle,Married,53230.0,0,1,2012-08-03,86,176,68
2115,1957,Graduation,Together,50116.0,1,1,2014-06-20,68,54,67
2088,1972,Graduation,Together,84906.0,0,0,2013-10-04,98,997,52
2493,1966,Graduation,Married,61286.0,0,1,2013-08-02,34,356,58
6292,1986,PhD,Married,82333.0,0,0,2013-03-30,60,1311,38
1631,1965,PhD,Together,65220.0,0,0,2012-09-03,3,890,59
10104,1974,Graduation,Together,33590.0,2,1,2013-11-03,65,4,50
3006,1976,Graduation,Divorced,30992.0,1,0,2013-04-22,83,17,48
3919,1976,Master,Single,72309.0,0,0,2013-03-11,64,960,48
11181,1949,PhD,Married,156924.0,0,0,2013-08-29,85,2,75
642,1980,Basic,Married,16005.0,1,0,2012-08-14,69,1,44
4369,1957,Master,single,65487.0,0,0,2014-01-10,48,240,67
10127,1965,Graduation,Married,58692.0,0,1,2014-04-06,21,301,59
271,1969,Graduation,Widow,40590.0,1,1,2013-10-02,30,154,55
4973,1970,Graduation,Single,20587.0,1,0,2014-05-11,39,2,54
2948,1954,Master,Divorced,62637.0,0,1,2014-03-01,76,104,70
2715,1966,Master,Divorced,29435.0,1,1,2012-08-06,11,70,58
10432,1974,Graduation,Divorced,19346.0,1,0,2014-01-30,26,2,50
9216,1971,Graduation,Married,35788.0,1,1,2014-01-23,34,23,53
7124,1968,Graduation,Divorced,36997.0,1,1,2013-02-01,72,43,56
9727,1957,Graduation,Married,23539.0,0,0,2014-02-28,13,4,67
5136,1973,Graduation,Single,65333.0,0,1,2014-01-17,58,654,51
9790,1957,Graduation,Single,78499.0,0,0,2013-11-23,12,912,67
1818,1971,PhD,Together,29732.0,1,0,2014-03-25,23,25,53
1100,1960,Master,Together,41275.0,1,2,2014-03-24,33,24,64
7873,1973,PhD,Together,63516.0,1,1,2013-07-06,30,141,51
10609,1962,PhD,Married,42769.0,0,1,2013-10-12,15,71,62
6950,1958,Master,Married,49572.0,1,1,2013-12-15,25,35,66
7233,1972,Graduation,Married,69209.0,0,0,2012-09-17,4,496,52
9481,1976,Graduation,Married,17148.0,1,0,2014-01-28,80,9,48
7699,1969,Graduation,Widow,40590.0,1,1,2013-10-02,30,154,55
2711,1976,Master,Together,30560.0,1,0,2013-06-27,6,9,48
8933,1983,2n Cycle,Married,32146.0,1,0,2014-05-12,16,26,41
8726,1964,2n Cycle,Divorced,41713.0,1,1,2014-04-29,57,77,60
1515,1975,Master,Together,34176.0,0,1,2014-01-22,9,11,49
5186,1955,PhD,Married,58482.0,0,1,2014-03-12,59,576,69
10157,1965,Graduation,Single,59686.0,0,1,2014-01-25,78,89,59
5667,1964,PhD,Married,60896.0,0,1,2012-10-11,90,1013,60
902,1980,Graduation,Together,62994.0,1,0,2014-03-04,74,224,44
977,1957,Graduation,Together,47320.0,0,1,2013-08-01,10,200,67
7313,1949,2n Cycle,Widow,74859.0,0,0,2013-06-03,63,570,75
7600,1992,Basic,Single,15253.0,1,0,2013-10-28,13,1,32
9706,1974,PhD,Single,31560.0,1,0,2013-06-24,98,62,50
2429,1954,Graduation,Divorced,72071.0,0,1,2013-02-14,4,531,70
3520,1990,Master,Single,91172.0,0,0,2013-03-27,94,162,34
10394,1984,Graduation,Married,90000.0,0,0,2013-12-23,91,675,40
4548,1981,Graduation,Single,41967.0,1,1,2013-11-23,66,23,43
9362,1965,Graduation,Single,69263.0,0,1,2014-03-05,14,492,59
3968,1970,2n Cycle,Divorced,65706.0,0,0,2013-06-28,77,918,54
4084,1975,Graduation,Together,60934.0,0,1,2014-01-17,41,224,49
6721,1951,Graduation,Married,71965.0,0,1,2013-07-29,21,572,73
2829,1955,Graduation,Married,65210.0,0,1,2014-03-10,25,626,69
1772,1975,PhD,Married,79174.0,0,0,2013-01-11,2,1074,49
1544,1967,Master,Divorced,81380.0,0,0,2012-12-22,51,741,57
492,1973,PhD,YOLO,48432.0,0,1,2012-10-18,3,322,51
4377,1971,Graduation,Married,52914.0,0,1,2013-01-07,32,254,53
4541,1955,Graduation,Together,38946.0,0,1,2013-10-24,84,116,69
1321,1974,Graduation,Married,26067.0,1,0,2013-11-04,49,22,50
8858,1972,PhD,Married,44325.0,0,1,2013-03-07,69,516,52
3266,1964,Graduation,Married,42523.0,0,0,2014-04-23,96,14,60
11187,1978,Basic,Single,26487.0,1,0,2013-05-20,23,2,46
8207,1957,2n Cycle,Married,53233.0,0,1,2014-03-18,18,28,67
9723,1960,Graduation,Married,67716.0,0,1,2013-01-10,8,530,64
2666,1972,Master,Married,76234.0,0,1,2014-02-06,21,519,52
5721,1956,PhD,Married,84117.0,0,0,2014-05-11,60,611,68
10652,1957,Master,Together,65487.0,0,0,2014-01-10,48,240,67
1646,1972,Basic,Married,25224.0,1,0,2014-03-16,36,4,52
4418,1983,Master,Single,89616.0,0,0,2013-02-25,36,671,41
2656,1971,Graduation,Divorced,40851.0,1,1,2013-02-21,63,23,53
7990,1947,Graduation,Married,27469.0,0,0,2012-08-02,2,9,77
8722,1957,2n Cycle,Married,82347.0,0,0,2012-11-06,38,556,67
7118,1957,Graduation,Married,73803.0,0,1,2012-08-01,61,833,67
2980,1952,Master,Single,8820.0,1,1,2013-03-22,52,12,72
1839,1974,Graduation,Single,43322.0,0,0,2014-04-21,25,56,50
10722,1973,Graduation,Together,55593.0,0,1,2013-08-21,63,293,51
2632,1954,Graduation,Married,50501.0,1,1,2013-06-18,10,297,70
9014,1975,Graduation,Married,37085.0,1,1,2014-06-26,65,39,49
7620,1990,Basic,Single,16185.0,1,0,2013-08-05,71,5,34
10968,1969,Graduation,Single,57731.0,0,1,2012-11-23,0,266,55
11133,1973,PhD,YOLO,48432.0,0,1,2012-10-18,3,322,51
2736,1978,Graduation,Married,73807.0,0,1,2013-01-02,88,366,46
1876,1990,Graduation,Married,18929.0,0,0,2013-02-16,15,32,34
5959,1968,Graduation,Single,35893.0,1,1,2012-10-15,80,158,56
1092,1980,Graduation,Married,61014.0,0,1,2012-08-11,17,269,44
4333,1954,Graduation,Together,32144.0,1,1,2014-03-23,76,41,70
3850,1963,Basic,Together,14918.0,0,1,2012-12-07,52,3,61
6168,1963,Graduation,Divorced,45146.0,1,1,2013-07-15,28,33,61
607,1955,2n Cycle,Divorced,41769.0,0,1,2013-02-13,31,302,69
10469,1981,Graduation,Together,88325.0,0,0,2014-02-05,42,519,43
6983,1950,Master,Divorced,38054.0,1,1,2014-05-01,24,23,74
3661,1995,2n Cycle,Single,80617.0,0,0,2012-10-12,42,594,29
9303,1976,Graduation,Married,5305.0,0,1,2013-07-30,12,12,48
692,1954,Graduation,Together,36807.0,1,1,2012-12-20,88,4,70
736,1983,Graduation,Together,28427.0,1,0,2013-03-21,67,18,41
9589,1948,PhD,Widow,82032.0,0,0,2014-04-05,54,332,76
4838,1978,Graduation,Together,22775.0,1,0,2013-06-19,40,5,46
9246,1985,Master,Together,40101.0,1,0,2012-10-14,73,171,39
6261,1979,Graduation,Married,58025.0,0,1,2013-11-26,81,270,45
7366,1982,Master,Single,75777.0,0,0,2013-07-04,12,712,42
10659,1979,2n Cycle,Together,7500.0,1,0,2013-05-07,7,2,45
1448,1963,Master,Married,33562.0,1,2,2014-06-25,33,21,61
4286,1970,PhD,Single,57642.0,0,1,2014-01-09,24,580,54
4749,1968,Graduation,Together,58554.0,1,1,2012-09-26,55,368,56
4478,1979,Graduation,Married,63777.0,1,1,2013-03-24,87,457,45
4201,1962,Graduation,Single,57967.0,0,1,2013-03-03,39,229,62
8720,1978,2n Cycle,Together,51381.5,0,0,2012-08-12,53,32,46
10084,1972,Graduation,Married,24434.0,2,0,2014-05-18,9,3,52
7004,1984,Graduation,Single,11012.0,1,0,2013-03-16,82,24,40
9817,1970,Master,Single,44802.0,0,0,2012-08-21,71,853,54
8080,1986,Graduation,Single,26816.0,0,0,2012-08-17,50,5,38
8372,1974,Graduation,Married,34421.0,1,0,2013-07-01,81,3,50
10870,1967,Graduation,Married,61223.0,0,1,2013-06-13,46,709,57
4001,1946,PhD,Together,64014.0,2,1,2014-06-10,56,406,78
7270,1981,Graduation,Divorced,56981.0,0,0,2014-01-25,91,908,43
8235,1956,Master,Together,69245.0,0,1,2014-01-24,8,428,68
9405,1954,PhD,Married,52869.0,1,1,2012-10-15,40,84,70
